--- insert first table ---

insert into facultate_geografie (adresa, nr_telefon, tara, numar_studenti) values ('Aleea Frunzelor', 111111111, 'Romania', 550);
insert into facultate_geografie (adresa, nr_telefon, tara, numar_studenti) values ('Bulevardul Independentei', 222222222, 'Romania', 700);
insert into facultate_geografie (adresa, nr_telefon, tara, numar_studenti) values ('Strada Rozelor', 333333333, 'Romania', 480);
insert into facultate_geografie (adresa, nr_telefon, tara, numar_studenti) values ('Bulevardul Tudor Vladimirescu', 444444444, 'Romania', 520);
insert into facultate_geografie (adresa, nr_telefon, tara, numar_studenti) values ('Strada Plopilor', 555555555, 'Romania', 630);
insert into facultate_geografie (adresa, nr_telefon, tara, numar_studenti) values ('Aleea Magnolilor', 666666666, 'Romania', 590);
insert into facultate_geografie (adresa, nr_telefon, tara, numar_studenti) values ('Bulevardul Eroilor', 777777777, 'Romania', 480);
insert into facultate_geografie (adresa, nr_telefon, tara, numar_studenti) values ('Strada Castanilor', 888888888, 'Romania', 550);
insert into facultate_geografie (adresa, nr_telefon, tara, numar_studenti) values ('Aleea Mesteacanului', 999999999, 'Romania', 600);
insert into facultate_geografie (adresa, nr_telefon, tara, numar_studenti) values ('Bulevardul Crizantemelor', 1010101010, 'Romania', 520);
insert into facultate_geografie (adresa, nr_telefon, tara, numar_studenti) values ('Strada Bradului', 1111111111, 'Romania', 580);
insert into facultate_geografie (adresa, nr_telefon, tara, numar_studenti) values ('Aleea Ghioceilor', 1212121212, 'Romania', 470);
insert into facultate_geografie (adresa, nr_telefon, tara, numar_studenti) values ('Bulevardul Anemonei, Nr. 22', 1313131313, 'Romania', 650);
insert into facultate_geografie (adresa, nr_telefon, tara, numar_studenti) values ('Strada Iasomiei', 1414141414, 'Romania', 540);
insert into facultate_geografie (adresa, nr_telefon, tara, numar_studenti) values ('Aleea Teiului', 1515151515, 'Romania', 700);
insert into facultate_geografie (adresa, nr_telefon, tara, numar_studenti) values ('Bulevardul Lalelelor', 1616161616, 'Romania', 490);
insert into facultate_geografie (adresa, nr_telefon, tara, numar_studenti) values ('Strada Caprifoiului', 1717171717, 'Romania', 560);
insert into facultate_geografie (adresa, nr_telefon, tara, numar_studenti) values ('Aleea Lamaii', 1818181818, 'Romania', 630);
insert into facultate_geografie (adresa, nr_telefon, tara, numar_studenti) values ('Bulevardul Margheritelor', 1919191919, 'Romania', 510);
insert into facultate_geografie (adresa, nr_telefon, tara, numar_studenti) values ('Strada Viorelelor', 2020202020, 'Romania', 590);
insert into facultate_geografie (adresa, nr_telefon, tara, numar_studenti) values ('Aleea Salcamilor', 2121212121, 'Romania', 470);
insert into facultate_geografie (adresa, nr_telefon, tara, numar_studenti) values ('Bulevardul Nufarilor', 2222222222, 'Romania', 550);
insert into facultate_geografie (adresa, nr_telefon, tara, numar_studenti) values ('Strada Albastrelelor', 2323232323, 'Romania', 680);
insert into facultate_geografie (adresa, nr_telefon, tara, numar_studenti) values ('Aleea Garoafelor', 2424242424, 'Romania', 520);
insert into facultate_geografie (adresa, nr_telefon, tara, numar_studenti) values ('Bulevardul Freziilor', 2525252525, 'Romania', 590);
insert into facultate_geografie (adresa, nr_telefon, tara, numar_studenti) values ('Strada Orhideelor', 2626262626, 'Romania', 510);
insert into facultate_geografie (adresa, nr_telefon, tara, numar_studenti) values ('Aleea Narciselor', 2727272727, 'Romania', 630);
insert into facultate_geografie (adresa, nr_telefon, tara, numar_studenti) values ('Bulevardul Alamandelelor', 2828282828, 'Romania', 480);
insert into facultate_geografie (adresa, nr_telefon, tara, numar_studenti) values ('Strada Musetelului', 2929292929, 'Romania', 540);
insert into facultate_geografie (adresa, nr_telefon, tara, numar_studenti) values ('Aleea Panselutelor', 3030303030, 'Romania', 610);
insert into facultate_geografie (adresa, nr_telefon, tara, numar_studenti) values ('Bulevardul Ananaselor', 3131313131, 'Romania', 700);
insert into facultate_geografie (adresa, nr_telefon, tara, numar_studenti) values ('Strada Porumbelului', 3232323232, 'Romania', 470);
insert into facultate_geografie (adresa, nr_telefon, tara, numar_studenti) values ('Aleea Cozilor', 3333333333, 'Romania', 550);
insert into facultate_geografie (adresa, nr_telefon, tara, numar_studenti) values ('Bulevardul Floare de Colt', 3434343434, 'Romania', 590);
insert into facultate_geografie (adresa, nr_telefon, tara, numar_studenti) values ('Strada Ciresilor', 3535353535, 'Romania', 520);
insert into facultate_geografie (adresa, nr_telefon, tara, numar_studenti) values ('Aleea Mandarinei', 3636363636, 'Romania', 610);
insert into facultate_geografie (adresa, nr_telefon, tara, numar_studenti) values ('Bulevardul Piersicilor', 3737373737, 'Romania', 490);
insert into facultate_geografie (adresa, nr_telefon, tara, numar_studenti) values ('Strada Parului', 3838383838, 'Romania', 660);
insert into facultate_geografie (adresa, nr_telefon, tara, numar_studenti) values ('Aleea Piersicilor', 3939393939, 'Romania', 500);
insert into facultate_geografie (adresa, nr_telefon, tara, numar_studenti) values ('Bulevardul Gutuilor', 4040404040, 'Romania', 540);
insert into facultate_geografie (adresa, nr_telefon, tara, numar_studenti) values ('Strada Castravetilor', 4141414141, 'Romania', 580);
insert into facultate_geografie (adresa, nr_telefon, tara, numar_studenti) values ('Aleea Morcovilor', 4242424242, 'Romania', 620);
insert into facultate_geografie (adresa, nr_telefon, tara, numar_studenti) values ('Bulevardul Sfeclului', 4343434343, 'Romania', 550);
insert into facultate_geografie (adresa, nr_telefon, tara, numar_studenti) values ('Strada Alba Iulia', 555111000, 'Romania', 550);
insert into facultate_geografie (adresa, nr_telefon, tara, numar_studenti) values ('Bulevardul Revolutiei', 987123456, 'Romania', 480);
insert into facultate_geografie (adresa, nr_telefon, tara, numar_studenti) values ('Strada Dorobanti', 333444555, 'Romania', 620);
insert into facultate_geografie (adresa, nr_telefon, tara, numar_studenti) values ('Aleea Trandafirilor', 999888777, 'Romania', 410);
insert into facultate_geografie (adresa, nr_telefon, tara, numar_studenti) values ('Bulevardul Muncii', 123000555, 'Romania', 580);
insert into facultate_geografie (adresa, nr_telefon, tara, numar_studenti) values ('Strada Unirii', 777555333, 'Romania', 490);
insert into facultate_geografie (adresa, nr_telefon, tara, numar_studenti) values ('Aleea Frunzelor', 222666999, 'Romania', 530);

---- insert table 2 ---

INSERT INTO facultate_silvicultura (adresa, nr_telefon, tara, numar_studenti) VALUES ('Bulevardul Fagilor', 1010101010, 'Romania', 580);
INSERT INTO facultate_silvicultura (adresa, nr_telefon, tara, numar_studenti) VALUES ('Strada Bradului', 1111111111, 'Romania', 470);
INSERT INTO facultate_silvicultura (adresa, nr_telefon, tara, numar_studenti) VALUES ('Aleea Ghioceilor', 1212121212, 'Romania', 650);
INSERT INTO facultate_silvicultura (adresa, nr_telefon, tara, numar_studenti) VALUES ('Bulevardul Anemonei', 1313131313, 'Romania', 540);
INSERT INTO facultate_silvicultura (adresa, nr_telefon, tara, numar_studenti) VALUES ('Strada Iasomiei', 1414141414, 'Romania', 700);
INSERT INTO facultate_silvicultura (adresa, nr_telefon, tara, numar_studenti) VALUES ('Aleea Teiului', 1515151515, 'Romania', 490);
INSERT INTO facultate_silvicultura (adresa, nr_telefon, tara, numar_studenti) VALUES ('Bulevardul Lalelelor', 1616161616, 'Romania', 560);
INSERT INTO facultate_silvicultura (adresa, nr_telefon, tara, numar_studenti) VALUES ('Strada Caprifoiului', 1717171717, 'Romania', 630);
INSERT INTO facultate_silvicultura (adresa, nr_telefon, tara, numar_studenti) VALUES ('Aleea Lamaii', 1818181818, 'Romania', 510);
INSERT INTO facultate_silvicultura (adresa, nr_telefon, tara, numar_studenti) VALUES ('Bulevardul Margheritelor', 1919191919, 'Romania', 590);
INSERT INTO facultate_silvicultura (adresa, nr_telefon, tara, numar_studenti) VALUES ('Strada Viorelelor', 2020202020, 'Romania', 470);
INSERT INTO facultate_silvicultura (adresa, nr_telefon, tara, numar_studenti) VALUES ('Aleea Salcamilor', 2121212121, 'Romania', 550);
INSERT INTO facultate_silvicultura (adresa, nr_telefon, tara, numar_studenti) VALUES ('Bulevardul Nufarilor', 2222222222, 'Romania', 680);
INSERT INTO facultate_silvicultura (adresa, nr_telefon, tara, numar_studenti) VALUES ('Strada Albastrelelor', 2323232323, 'Romania', 520);
INSERT INTO facultate_silvicultura (adresa, nr_telefon, tara, numar_studenti) VALUES ('Aleea Garoafelor', 2424242424, 'Romania', 590);
INSERT INTO facultate_silvicultura (adresa, nr_telefon, tara, numar_studenti) VALUES ('Bulevardul Freziilor', 2525252525, 'Romania', 510);
INSERT INTO facultate_silvicultura (adresa, nr_telefon, tara, numar_studenti) VALUES ('Strada Orhideelor', 2626262626, 'Romania', 630);
INSERT INTO facultate_silvicultura (adresa, nr_telefon, tara, numar_studenti) VALUES ('Aleea Narciselor', 2727272727, 'Romania', 480);
INSERT INTO facultate_silvicultura (adresa, nr_telefon, tara, numar_studenti) VALUES ('Bulevardul Alamandelelor', 2828282828, 'Romania', 540);
INSERT INTO facultate_silvicultura (adresa, nr_telefon, tara, numar_studenti) VALUES ('Strada Musetelului', 2929292929, 'Romania', 610);
INSERT INTO facultate_silvicultura (adresa, nr_telefon, tara, numar_studenti) VALUES ('Aleea Panselutelor', 3030303030, 'Romania', 700);
INSERT INTO facultate_silvicultura (adresa, nr_telefon, tara, numar_studenti) VALUES ('Bulevardul Porumbelului', 3131313131, 'Romania', 470);
INSERT INTO facultate_silvicultura (adresa, nr_telefon, tara, numar_studenti) VALUES ('Strada Cozilor', 3232323232, 'Romania', 550);
INSERT INTO facultate_silvicultura (adresa, nr_telefon, tara, numar_studenti) VALUES ('Aleea Floare de Colt', 3333333333, 'Romania', 590);
INSERT INTO facultate_silvicultura (adresa, nr_telefon, tara, numar_studenti) VALUES ('Bulevardul Ciresilor', 3434343434, 'Romania', 520);
INSERT INTO facultate_silvicultura (adresa, nr_telefon, tara, numar_studenti) VALUES ('Strada Mandarinei', 3535353535, 'Romania', 610);
INSERT INTO facultate_silvicultura (adresa, nr_telefon, tara, numar_studenti) VALUES ('Aleea Piersicilor', 3636363636, 'Romania', 490);
INSERT INTO facultate_silvicultura (adresa, nr_telefon, tara, numar_studenti) VALUES ('Bulevardul Gutuilor', 3737373737, 'Romania', 660);
INSERT INTO facultate_silvicultura (adresa, nr_telefon, tara, numar_studenti) VALUES ('Strada Castravetilor', 3838383838, 'Romania', 500);
INSERT INTO facultate_silvicultura (adresa, nr_telefon, tara, numar_studenti) VALUES ('Aleea Morcovilor', 3939393939, 'Romania', 540);
INSERT INTO facultate_silvicultura (adresa, nr_telefon, tara, numar_studenti) VALUES ('Bulevardul Sfeclului', 4040404040, 'Romania', 580);
INSERT INTO facultate_silvicultura (adresa, nr_telefon, tara, numar_studenti) VALUES ('Strada Alba Iulia', 555111000, 'Romania', 550);
INSERT INTO facultate_silvicultura (adresa, nr_telefon, tara, numar_studenti) VALUES ('Bulevardul Revolutiei', 987123456, 'Romania', 480);
INSERT INTO facultate_silvicultura (adresa, nr_telefon, tara, numar_studenti) VALUES ('Strada Dorobanti', 333444555, 'Romania', 620);
INSERT INTO facultate_silvicultura (adresa, nr_telefon, tara, numar_studenti) VALUES ('Aleea Trandafirilor', 999888777, 'Romania', 410);
INSERT INTO facultate_silvicultura (adresa, nr_telefon, tara, numar_studenti) VALUES ('Bulevardul Muncii', 123000555, 'Romania', 580);
INSERT INTO facultate_silvicultura (adresa, nr_telefon, tara, numar_studenti) VALUES ('Strada Unirii', 777555333, 'Romania', 490);
INSERT INTO facultate_silvicultura (adresa, nr_telefon, tara, numar_studenti) VALUES ('Aleea Frunzelor', 222666999, 'Romania', 530);
INSERT INTO facultate_silvicultura (adresa, nr_telefon, tara, numar_studenti) VALUES ('Strada Ciresilor', 3535353535, 'Romania', 540);
INSERT INTO facultate_silvicultura (adresa, nr_telefon, tara, numar_studenti) VALUES ('Aleea Mandarinei', 3636363636, 'Romania', 610);
INSERT INTO facultate_silvicultura (adresa, nr_telefon, tara, numar_studenti) VALUES ('Bulevardul Piersicilor', 3737373737, 'Romania', 490);
INSERT INTO facultate_silvicultura (adresa, nr_telefon, tara, numar_studenti) VALUES ('Strada Parului', 3838383838, 'Romania', 660);
INSERT INTO facultate_silvicultura (adresa, nr_telefon, tara, numar_studenti) VALUES ('Aleea Piersicilor', 3939393939, 'Romania', 500);
INSERT INTO facultate_silvicultura (adresa, nr_telefon, tara, numar_studenti) VALUES ('Bulevardul Gutuilor', 4040404040, 'Romania', 540);
INSERT INTO facultate_silvicultura (adresa, nr_telefon, tara, numar_studenti) VALUES ('Strada Castravetilor', 4141414141, 'Romania', 580);
INSERT INTO facultate_silvicultura (adresa, nr_telefon, tara, numar_studenti) VALUES ('Aleea Morcovilor', 4242424242, 'Romania', 620);
INSERT INTO facultate_silvicultura (adresa, nr_telefon, tara, numar_studenti) VALUES ('Bulevardul Sfeclului', 4343434343, 'Romania', 550);
INSERT INTO facultate_silvicultura (adresa, nr_telefon, tara, numar_studenti) VALUES ('Strada Alba Iulia', 555111000, 'Romania', 550);
INSERT INTO facultate_silvicultura (adresa, nr_telefon, tara, numar_studenti) VALUES ('Bulevardul Revolutiei', 987123456, 'Romania', 480);
INSERT INTO facultate_silvicultura (adresa, nr_telefon, tara, numar_studenti) VALUES ('Strada Dorobanti', 333444555, 'Romania', 620);
INSERT INTO facultate_silvicultura (adresa, nr_telefon, tara, numar_studenti) VALUES ('Aleea Trandafirilor', 999888777, 'Romania', 410);

--- insert table 3 ---

INSERT INTO dendrocronologie (nume_curs, departament, an_introducere_curs, descriere_curs, facultate_geografie_id, facultate_silvicultura_id) VALUES('Dendrocronologie 1', 'Departament Geografie', 2022, 'Curs introductiv de Dendrocronologie', 1, 1);
INSERT INTO dendrocronologie (nume_curs, departament, an_introducere_curs, descriere_curs, facultate_geografie_id, facultate_silvicultura_id) VALUES('Dendrocronologie 2', 'Departament Silvicultură', 2022, 'Curs avansat de Dendrocronologie', 2, 2);
INSERT INTO dendrocronologie (nume_curs, departament, an_introducere_curs, descriere_curs, facultate_geografie_id, facultate_silvicultura_id) VALUES('Dendrocronologie 3', 'Departament Geografie', 2023, 'Dendrocronologie aplicată în cercetările geomorfologice', 3, 3);
INSERT INTO dendrocronologie (nume_curs, departament, an_introducere_curs, descriere_curs, facultate_geografie_id, facultate_silvicultura_id) VALUES('Dendrocronologie 4', 'Departament Silvicultură', 2022, 'Metode moderne în datarea cu ajutorul inelelor de creștere ale arborilor', 4, 4);
INSERT INTO dendrocronologie (nume_curs, departament, an_introducere_curs, descriere_curs, facultate_geografie_id, facultate_silvicultura_id) VALUES('Dendrocronologie 5', 'Departament Geografie', 2023, 'Interpretarea cronologiilor dendrocronologice în studiile paleoambientale', 5, 5);
INSERT INTO dendrocronologie (nume_curs, departament, an_introducere_curs, descriere_curs, facultate_geografie_id, facultate_silvicultura_id) VALUES('Dendrocronologie 6', 'Departament Silvicultură', 2024, 'Utilizarea dendrocronologiei în studiile de conservare a biodiversității', 6, 6);
INSERT INTO dendrocronologie (nume_curs, departament, an_introducere_curs, descriere_curs, facultate_geografie_id, facultate_silvicultura_id) VALUES('Dendrocronologie 7', 'Departament Geografie', 2022, 'Tehnici avansate de analiză a inelelor de creștere ale arborilor', 7, 7);
INSERT INTO dendrocronologie (nume_curs, departament, an_introducere_curs, descriere_curs, facultate_geografie_id, facultate_silvicultura_id) VALUES('Dendrocronologie 8', 'Departament Silvicultură', 2023, 'Dendrocronologie și schimbările climatice', 8, 8);
INSERT INTO dendrocronologie (nume_curs, departament, an_introducere_curs, descriere_curs, facultate_geografie_id, facultate_silvicultura_id) VALUES('Dendrocronologie 9', 'Departament Geografie', 2024, 'Cercetări interdisciplinare în dendrocronologie', 9, 9);
INSERT INTO dendrocronologie (nume_curs, departament, an_introducere_curs, descriere_curs, facultate_geografie_id, facultate_silvicultura_id) VALUES('Dendrocronologie 10', 'Departament Silvicultură', 2022, 'Dendrocronologie și ecologia pădurilor', 10, 10);
INSERT INTO dendrocronologie (nume_curs, departament, an_introducere_curs, descriere_curs, facultate_geografie_id, facultate_silvicultura_id) VALUES('Dendrocronologie 11', 'Departament Geografie', 2023, 'Tendințe actuale în dendrocronologie', 11, 11);
INSERT INTO dendrocronologie (nume_curs, departament, an_introducere_curs, descriere_curs, facultate_geografie_id, facultate_silvicultura_id) VALUES('Dendrocronologie 12', 'Departament Silvicultură', 2024, 'Aplicații practice ale dendrocronologiei în silvicultură', 12, 12);
INSERT INTO dendrocronologie (nume_curs, departament, an_introducere_curs, descriere_curs, facultate_geografie_id, facultate_silvicultura_id) VALUES('Dendrocronologie 13', 'Departament Geografie', 2022, 'Dendrocronologie și arheologie', 13, 13);
INSERT INTO dendrocronologie (nume_curs, departament, an_introducere_curs, descriere_curs, facultate_geografie_id, facultate_silvicultura_id) VALUES('Dendrocronologie 14', 'Departament Silvicultură', 2023, 'Cercetări experimentale în dendrocronologie', 14, 14);
INSERT INTO dendrocronologie (nume_curs, departament, an_introducere_curs, descriere_curs, facultate_geografie_id, facultate_silvicultura_id) VALUES('Dendrocronologie 15', 'Departament Geografie', 2024, 'Dendrocronologie și evoluția terenurilor montane', 15, 15);
INSERT INTO dendrocronologie (nume_curs, departament, an_introducere_curs, descriere_curs, facultate_geografie_id, facultate_silvicultura_id) VALUES('Dendrocronologie 16', 'Departament Silvicultură', 2022, 'Metode avansate de analiză a inelelor de creștere', 16, 16);
INSERT INTO dendrocronologie (nume_curs, departament, an_introducere_curs, descriere_curs, facultate_geografie_id, facultate_silvicultura_id) VALUES('Dendrocronologie 17', 'Departament Geografie', 2023, 'Dendrocronologie și modelarea proceselor geomorfologice', 17, 17);
INSERT INTO dendrocronologie (nume_curs, departament, an_introducere_curs, descriere_curs, facultate_geografie_id, facultate_silvicultura_id) VALUES('Dendrocronologie 18', 'Departament Silvicultură', 2024, 'Cercetări în dendrocronologie bazate pe tehnologii moderne', 18, 18);
INSERT INTO dendrocronologie (nume_curs, departament, an_introducere_curs, descriere_curs, facultate_geografie_id, facultate_silvicultura_id) VALUES('Dendrocronologie 19', 'Departament Geografie', 2022, 'Dendrocronologie și monitorizarea schimbărilor de peisaj', 19, 19);
INSERT INTO dendrocronologie (nume_curs, departament, an_introducere_curs, descriere_curs, facultate_geografie_id, facultate_silvicultura_id) VALUES('Dendrocronologie 20', 'Departament Silvicultură', 2023, 'Dendrocronologie și conservarea speciilor rare', 20, 20);
INSERT INTO dendrocronologie (nume_curs, departament, an_introducere_curs, descriere_curs, facultate_geografie_id, facultate_silvicultura_id) VALUES('Dendrocronologie 21', 'Departament Geografie', 2024, 'Cercetări recente în dendrocronologie', 21, 21);
INSERT INTO dendrocronologie (nume_curs, departament, an_introducere_curs, descriere_curs, facultate_geografie_id, facultate_silvicultura_id) VALUES('Dendrocronologie 22', 'Departament Silvicultură', 2022, 'Dendrocronologie și managementul durabil al pădurilor', 22, 22);
INSERT INTO dendrocronologie (nume_curs, departament, an_introducere_curs, descriere_curs, facultate_geografie_id, facultate_silvicultura_id) VALUES('Dendrocronologie 23', 'Departament Geografie', 2023, 'Dendrocronologie și implicațiile sale în studiile de geomorfologie', 23, 23);
INSERT INTO dendrocronologie (nume_curs, departament, an_introducere_curs, descriere_curs, facultate_geografie_id, facultate_silvicultura_id) VALUES('Dendrocronologie 24', 'Departament Silvicultură', 2024, 'Dendrocronologie și arhitectura peisajului', 24, 24);
INSERT INTO dendrocronologie (nume_curs, departament, an_introducere_curs, descriere_curs, facultate_geografie_id, facultate_silvicultura_id) VALUES('Dendrocronologie 25', 'Departament Geografie', 2022, 'Dendrocronologie și restaurarea ecosistemelor', 25, 25);
INSERT INTO dendrocronologie (nume_curs, departament, an_introducere_curs, descriere_curs, facultate_geografie_id, facultate_silvicultura_id) VALUES('Dendrocronologie 26', 'Departament Silvicultură', 2023, 'Dendrocronologie și planificarea spațiului geografic', 26, 26);
INSERT INTO dendrocronologie (nume_curs, departament, an_introducere_curs, descriere_curs, facultate_geografie_id, facultate_silvicultura_id) VALUES('Dendrocronologie 27', 'Departament Geografie', 2024, 'Aplicații ale dendrocronologiei în studiile de mediu', 27, 27);
INSERT INTO dendrocronologie (nume_curs, departament, an_introducere_curs, descriere_curs, facultate_geografie_id, facultate_silvicultura_id) VALUES('Dendrocronologie 28', 'Departament Silvicultură', 2022, 'Cercetări actuale în Dendrocronologie', 28, 28);
INSERT INTO dendrocronologie (nume_curs, departament, an_introducere_curs, descriere_curs, facultate_geografie_id, facultate_silvicultura_id) VALUES('Dendrocronologie 29', 'Departament Geografie', 2023, 'Dendrocronologie și reconstrucția schimbărilor climatice', 29, 29);
INSERT INTO dendrocronologie (nume_curs, departament, an_introducere_curs, descriere_curs, facultate_geografie_id, facultate_silvicultura_id) VALUES('Dendrocronologie 30', 'Departament Silvicultură', 2024, 'Dendrocronologie și evoluția terenurilor aluviale', 30, 30);
INSERT INTO dendrocronologie (nume_curs, departament, an_introducere_curs, descriere_curs, facultate_geografie_id, facultate_silvicultura_id) VALUES('Dendrocronologie 31', 'Departament Geografie', 2022, 'Dendrocronologie și schimbările de uzanță a terenurilor', 31, 31);
INSERT INTO dendrocronologie (nume_curs, departament, an_introducere_curs, descriere_curs, facultate_geografie_id, facultate_silvicultura_id) VALUES('Dendrocronologie 32', 'Departament Silvicultură', 2023, 'Metode de analiză a datelor dendrocronologice', 32, 32);
INSERT INTO dendrocronologie (nume_curs, departament, an_introducere_curs, descriere_curs, facultate_geografie_id, facultate_silvicultura_id) VALUES('Dendrocronologie 33', 'Departament Geografie', 2024, 'Cercetări comparative în dendrocronologie', 33, 33);
INSERT INTO dendrocronologie (nume_curs, departament, an_introducere_curs, descriere_curs, facultate_geografie_id, facultate_silvicultura_id) VALUES('Dendrocronologie 34', 'Departament Silvicultură', 2022, 'Dendrocronologie și conservarea biodiversității', 34, 34);
INSERT INTO dendrocronologie (nume_curs, departament, an_introducere_curs, descriere_curs, facultate_geografie_id, facultate_silvicultura_id) VALUES('Dendrocronologie 35', 'Departament Geografie', 2023, 'Dendrocronologie și evoluția ecosistemelor de munte', 35, 35);
INSERT INTO dendrocronologie (nume_curs, departament, an_introducere_curs, descriere_curs, facultate_geografie_id, facultate_silvicultura_id) VALUES('Dendrocronologie 36', 'Departament Silvicultură', 2024, 'Tehnici avansate de analiză a inelelor de creștere', 36, 36);
INSERT INTO dendrocronologie (nume_curs, departament, an_introducere_curs, descriere_curs, facultate_geografie_id, facultate_silvicultura_id) VALUES('Dendrocronologie 37', 'Departament Geografie', 2022, 'Dendrocronologie și restaurarea habitatelor acvatice', 37, 37);
INSERT INTO dendrocronologie (nume_curs, departament, an_introducere_curs, descriere_curs, facultate_geografie_id, facultate_silvicultura_id) VALUES('Dendrocronologie 38', 'Departament Silvicultură', 2023, 'Dendrocronologie și impactul schimbărilor climatice asupra pădurilor', 38, 38);
INSERT INTO dendrocronologie (nume_curs, departament, an_introducere_curs, descriere_curs, facultate_geografie_id, facultate_silvicultura_id) VALUES('Dendrocronologie 39', 'Departament Geografie', 2024, 'Dendrocronologie și evoluția vegetației alpine', 39, 39);
INSERT INTO dendrocronologie (nume_curs, departament, an_introducere_curs, descriere_curs, facultate_geografie_id, facultate_silvicultura_id) VALUES('Dendrocronologie 40', 'Departament Silvicultură', 2022, 'Dendrocronologie și tehnologii geospațiale', 40, 40);
INSERT INTO dendrocronologie (nume_curs, departament, an_introducere_curs, descriere_curs, facultate_geografie_id, facultate_silvicultura_id) VALUES('Dendrocronologie 41', 'Departament Geografie', 2023, 'Dendrocronologie și evoluția solurilor forestiere', 41, 41);
INSERT INTO dendrocronologie (nume_curs, departament, an_introducere_curs, descriere_curs, facultate_geografie_id, facultate_silvicultura_id) VALUES('Dendrocronologie 42', 'Departament Silvicultură', 2024, 'Dendrocronologie și monitorizarea schimbărilor de mediu', 42, 42);
INSERT INTO dendrocronologie (nume_curs, departament, an_introducere_curs, descriere_curs, facultate_geografie_id, facultate_silvicultura_id) VALUES('Dendrocronologie 43', 'Departament Geografie', 2022, 'Dendrocronologie și schimbările de regim hidrologic', 43, 43);
INSERT INTO dendrocronologie (nume_curs, departament, an_introducere_curs, descriere_curs, facultate_geografie_id, facultate_silvicultura_id) VALUES('Dendrocronologie 44', 'Departament Silvicultură', 2023, 'Dendrocronologie și ecologia speciilor arborene rare', 44, 44);
INSERT INTO dendrocronologie (nume_curs, departament, an_introducere_curs, descriere_curs, facultate_geografie_id, facultate_silvicultura_id) VALUES('Dendrocronologie 45', 'Departament Geografie', 2024, 'Dendrocronologie și restaurarea ecosistemelor fluviale', 45, 45);
INSERT INTO dendrocronologie (nume_curs, departament, an_introducere_curs, descriere_curs, facultate_geografie_id, facultate_silvicultura_id) VALUES('Dendrocronologie 46', 'Departament Silvicultură', 2022, 'Dendrocronologie și planificarea spațiului urban', 46, 46);
INSERT INTO dendrocronologie (nume_curs, departament, an_introducere_curs, descriere_curs, facultate_geografie_id, facultate_silvicultura_id) VALUES('Dendrocronologie 47', 'Departament Geografie', 2023, 'Dendrocronologie și conservarea biodiversității', 47, 47);
INSERT INTO dendrocronologie (nume_curs, departament, an_introducere_curs, descriere_curs, facultate_geografie_id, facultate_silvicultura_id) VALUES('Dendrocronologie 48', 'Departament Silvicultură', 2024, 'Cercetări în dendrocronologie bazate pe tehnologii moderne', 48, 48);
INSERT INTO dendrocronologie (nume_curs, departament, an_introducere_curs, descriere_curs, facultate_geografie_id, facultate_silvicultura_id) VALUES('Dendrocronologie 49', 'Departament Geografie', 2022, 'Dendrocronologie și impactul schimbărilor climatice asupra terenurilor agricole', 49, 49);
INSERT INTO dendrocronologie (nume_curs, departament, an_introducere_curs, descriere_curs, facultate_geografie_id, facultate_silvicultura_id) VALUES('Dendrocronologie 50', 'Departament Silvicultură', 2023, 'Dendrocronologie și evoluția ecosistemelor de coastă', 50, 50);








--- insert for table 4 ---

INSERT INTO dendrogeomorfologie (nume_curs, descriere_curs, an_introducere_curs, dendrocronologie_id) VALUES('Dendrogeomorfologie 1', 'Introducere în Dendrogeomorfologie', 2022, 1);
INSERT INTO dendrogeomorfologie (nume_curs, descriere_curs, an_introducere_curs, dendrocronologie_id) VALUES('Dendrogeomorfologie 2', 'Procese geomorfologice și semnificația inelelor de creștere', 2022, 2);
INSERT INTO dendrogeomorfologie (nume_curs, descriere_curs, an_introducere_curs, dendrocronologie_id) VALUES('Dendrogeomorfologie 3', 'Interpretarea datelor dendrocronologice în analiza proceselor geomorfologice', 2023, 3);
INSERT INTO dendrogeomorfologie (nume_curs, descriere_curs, an_introducere_curs, dendrocronologie_id) VALUES('Dendrogeomorfologie 4', 'Relația dintre dendrocronologie și evoluția formelor de relief', 2024, 4);
INSERT INTO dendrogeomorfologie (nume_curs, descriere_curs, an_introducere_curs, dendrocronologie_id) VALUES('Dendrogeomorfologie 5', 'Tehnici avansate de analiză a inelelor de creștere și aplicarea lor în geomorfologie', 2022, 5);
INSERT INTO dendrogeomorfologie (nume_curs, descriere_curs, an_introducere_curs, dendrocronologie_id) VALUES('Dendrogeomorfologie 6', 'Utilizarea dendrocronologiei în studiile de geomorfologie', 2023, 6);
INSERT INTO dendrogeomorfologie (nume_curs, descriere_curs, an_introducere_curs, dendrocronologie_id) VALUES('Dendrogeomorfologie 7', 'Aplicații practice ale Dendrogeomorfologiei în cercetarea geomorfologică', 2024, 7);
INSERT INTO dendrogeomorfologie (nume_curs, descriere_curs, an_introducere_curs, dendrocronologie_id) VALUES('Dendrogeomorfologie 8', 'Influența schimbărilor climatice asupra evoluției geomorfologice', 2022, 8);
INSERT INTO dendrogeomorfologie (nume_curs, descriere_curs, an_introducere_curs, dendrocronologie_id) VALUES('Dendrogeomorfologie 9', 'Dendrocronologia și modelarea proceselor geomorfologice', 2023, 9);
INSERT INTO dendrogeomorfologie (nume_curs, descriere_curs, an_introducere_curs, dendrocronologie_id) VALUES('Dendrogeomorfologie 10', 'Dendrocronologie și analiza proceselor de eroziune', 2024, 10);
INSERT INTO dendrogeomorfologie (nume_curs, descriere_curs, an_introducere_curs, dendrocronologie_id) VALUES('Dendrogeomorfologie 11', 'Dendrocronologie și evoluția terenurilor aluviale', 2022, 11);
INSERT INTO dendrogeomorfologie (nume_curs, descriere_curs, an_introducere_curs, dendrocronologie_id) VALUES('Dendrogeomorfologie 12', 'Metode avansate de interpretare a inelelor de creștere în geomorfologie', 2023, 12);
INSERT INTO dendrogeomorfologie (nume_curs, descriere_curs, an_introducere_curs, dendrocronologie_id) VALUES('Dendrogeomorfologie 13', 'Dendrocronologie și formarea depresiunilor geomorfologice', 2024, 13);
INSERT INTO dendrogeomorfologie (nume_curs, descriere_curs, an_introducere_curs, dendrocronologie_id) VALUES('Dendrogeomorfologie 14', 'Studiul schimbărilor de peisaj cu ajutorul analizei dendrocronologice', 2022, 14);
INSERT INTO dendrogeomorfologie (nume_curs, descriere_curs, an_introducere_curs, dendrocronologie_id) VALUES('Dendrogeomorfologie 15', 'Dendrocronologie și evoluția terenurilor montane', 2023, 15);
INSERT INTO dendrogeomorfologie (nume_curs, descriere_curs, an_introducere_curs, dendrocronologie_id) VALUES('Dendrogeomorfologie 16', 'Influența factorilor antropici asupra proceselor geomorfologice', 2024, 16);
INSERT INTO dendrogeomorfologie (nume_curs, descriere_curs, an_introducere_curs, dendrocronologie_id) VALUES('Dendrogeomorfologie 17', 'Dendrocronologie și dinamica litoralului', 2022, 17);
INSERT INTO dendrogeomorfologie (nume_curs, descriere_curs, an_introducere_curs, dendrocronologie_id) VALUES('Dendrogeomorfologie 18', 'Analiza cronologică a formelor de relief asociate activității umane', 2023, 18);
INSERT INTO dendrogeomorfologie (nume_curs, descriere_curs, an_introducere_curs, dendrocronologie_id) VALUES('Dendrogeomorfologie 19', 'Dendrocronologie și evoluția terenurilor vulcanice', 2024, 19);
INSERT INTO dendrogeomorfologie (nume_curs, descriere_curs, an_introducere_curs, dendrocronologie_id) VALUES('Dendrogeomorfologie 20', 'Impactul schimbărilor climatice asupra evoluției geomorfologice în zonele aride', 2022, 20);
INSERT INTO dendrogeomorfologie (nume_curs, descriere_curs, an_introducere_curs, dendrocronologie_id) VALUES('Dendrogeomorfologie 21', 'Dendrocronologie și procesele de sedimentare', 2023, 21);
INSERT INTO dendrogeomorfologie (nume_curs, descriere_curs, an_introducere_curs, dendrocronologie_id) VALUES('Dendrogeomorfologie 22', 'Efectul activității umane asupra evoluției terenurilor colinare', 2024, 22);
INSERT INTO dendrogeomorfologie (nume_curs, descriere_curs, an_introducere_curs, dendrocronologie_id) VALUES('Dendrogeomorfologie 23', 'Dendrocronologie și evoluția deltelor fluviale', 2022, 23);
INSERT INTO dendrogeomorfologie (nume_curs, descriere_curs, an_introducere_curs, dendrocronologie_id) VALUES('Dendrogeomorfologie 24', 'Influența vegetației asupra modelării geomorfologice', 2023, 24);
INSERT INTO dendrogeomorfologie (nume_curs, descriere_curs, an_introducere_curs, dendrocronologie_id) VALUES('Dendrogeomorfologie 25', 'Dendrocronologie și schimbările climatice globale', 2024, 25);
INSERT INTO dendrogeomorfologie (nume_curs, descriere_curs, an_introducere_curs, dendrocronologie_id) VALUES('Dendrogeomorfologie 26', 'Dendrocronologie și planificarea spațiului urban', 2022, 26);
INSERT INTO dendrogeomorfologie (nume_curs, descriere_curs, an_introducere_curs, dendrocronologie_id) VALUES('Dendrogeomorfologie 27', 'Dendrocronologie și conservarea biodiversității', 2023, 27);
INSERT INTO dendrogeomorfologie (nume_curs, descriere_curs, an_introducere_curs, dendrocronologie_id) VALUES('Dendrogeomorfologie 28', 'Cercetări în dendrocronologie bazate pe tehnologii moderne', 2024, 28);
INSERT INTO dendrogeomorfologie (nume_curs, descriere_curs, an_introducere_curs, dendrocronologie_id) VALUES('Dendrogeomorfologie 29', 'Dendrocronologie și reconstrucția schimbărilor climatice', 2022, 29);
INSERT INTO dendrogeomorfologie (nume_curs, descriere_curs, an_introducere_curs, dendrocronologie_id) VALUES('Dendrogeomorfologie 30', 'Dendrocronologie și evoluția terenurilor aluviale', 2023, 30);
INSERT INTO dendrogeomorfologie (nume_curs, descriere_curs, an_introducere_curs, dendrocronologie_id) VALUES('Dendrogeomorfologie 31', 'Dendrocronologie și schimbările de uzanță a terenurilor', 2024, 31);
INSERT INTO dendrogeomorfologie (nume_curs, descriere_curs, an_introducere_curs, dendrocronologie_id) VALUES('Dendrogeomorfologie 32', 'Metode de analiză a datelor dendrocronologice', 2022, 32);
INSERT INTO dendrogeomorfologie (nume_curs, descriere_curs, an_introducere_curs, dendrocronologie_id) VALUES('Dendrogeomorfologie 33', 'Cercetări comparative în dendrocronologie', 2023, 33);
INSERT INTO dendrogeomorfologie (nume_curs, descriere_curs, an_introducere_curs, dendrocronologie_id) VALUES('Dendrogeomorfologie 34', 'Dendrocronologie și conservarea biodiversității', 2024, 34);
INSERT INTO dendrogeomorfologie (nume_curs, descriere_curs, an_introducere_curs, dendrocronologie_id) VALUES('Dendrogeomorfologie 35', 'Dendrocronologie și evoluția ecosistemelor de munte', 2022, 35);
INSERT INTO dendrogeomorfologie (nume_curs, descriere_curs, an_introducere_curs, dendrocronologie_id) VALUES('Dendrogeomorfologie 36', 'Tehnici avansate de analiză a inelelor de creștere', 2023, 36);
INSERT INTO dendrogeomorfologie (nume_curs, descriere_curs, an_introducere_curs, dendrocronologie_id) VALUES('Dendrogeomorfologie 37', 'Dendrocronologie și restaurarea habitatelor acvatice', 2024, 37);
INSERT INTO dendrogeomorfologie (nume_curs, descriere_curs, an_introducere_curs, dendrocronologie_id) VALUES('Dendrogeomorfologie 38', 'Dendrocronologie și impactul schimbărilor climatice asupra pădurilor', 2022, 38);
INSERT INTO dendrogeomorfologie (nume_curs, descriere_curs, an_introducere_curs, dendrocronologie_id) VALUES('Dendrogeomorfologie 39', 'Dendrocronologie și evoluția vegetației alpine', 2023, 39);
INSERT INTO dendrogeomorfologie (nume_curs, descriere_curs, an_introducere_curs, dendrocronologie_id) VALUES('Dendrogeomorfologie 40', 'Dendrocronologie și tehnologii geospațiale', 2024, 40);
INSERT INTO dendrogeomorfologie (nume_curs, descriere_curs, an_introducere_curs, dendrocronologie_id) VALUES('Dendrogeomorfologie 41', 'Dendrocronologie și evoluția solurilor forestiere', 2022, 41);
INSERT INTO dendrogeomorfologie (nume_curs, descriere_curs, an_introducere_curs, dendrocronologie_id) VALUES('Dendrogeomorfologie 42', 'Dendrocronologie și monitorizarea schimbărilor de mediu', 2023, 42);
INSERT INTO dendrogeomorfologie (nume_curs, descriere_curs, an_introducere_curs, dendrocronologie_id) VALUES('Dendrogeomorfologie 43', 'Dendrocronologie și schimbările de regim hidrologic', 2024, 43);
INSERT INTO dendrogeomorfologie (nume_curs, descriere_curs, an_introducere_curs, dendrocronologie_id) VALUES('Dendrogeomorfologie 44', 'Dendrocronologie și ecologia speciilor arborene rare', 2022, 44);
INSERT INTO dendrogeomorfologie (nume_curs, descriere_curs, an_introducere_curs, dendrocronologie_id) VALUES('Dendrogeomorfologie 45', 'Dendrocronologie și restaurarea ecosistemelor fluviale', 2023, 45);
INSERT INTO dendrogeomorfologie (nume_curs, descriere_curs, an_introducere_curs, dendrocronologie_id) VALUES('Dendrogeomorfologie 46', 'Dendrocronologie și planificarea spațiului urban', 2024, 46);
INSERT INTO dendrogeomorfologie (nume_curs, descriere_curs, an_introducere_curs, dendrocronologie_id) VALUES('Dendrogeomorfologie 47', 'Dendrocronologie și conservarea biodiversității', 2022, 47);
INSERT INTO dendrogeomorfologie (nume_curs, descriere_curs, an_introducere_curs, dendrocronologie_id) VALUES('Dendrogeomorfologie 48', 'Cercetări în dendrocronologie bazate pe tehnologii moderne', 2023, 48);
INSERT INTO dendrogeomorfologie (nume_curs, descriere_curs, an_introducere_curs, dendrocronologie_id) VALUES('Dendrogeomorfologie 49', 'Dendrocronologie și impactul schimbărilor climatice asupra terenurilor agricole', 2024, 49);
INSERT INTO dendrogeomorfologie (nume_curs, descriere_curs, an_introducere_curs, dendrocronologie_id) VALUES('Dendrogeomorfologie 50', 'Dendrocronologie și evoluția ecosistemelor de coastă', 2022, 50);








--- insert table 5 ---

INSERT INTO zona_arbori (specie, diametru, inaltime, arbore_uscat, locatie, dendrogeomorfologie_id) VALUES ('Quercus robur', 30, 10, false, 'Pădurea Verde', 1);
INSERT INTO zona_arbori (specie, diametru, inaltime, arbore_uscat, locatie, dendrogeomorfologie_id) VALUES ('Pinus sylvestris', 25, 12, false, 'Pădurea Albastră', 2);
INSERT INTO zona_arbori (specie, diametru, inaltime, arbore_uscat, locatie, dendrogeomorfologie_id) VALUES ('Fagus sylvatica', 22, 9, false, 'Pădurea Galbenă', 3);
INSERT INTO zona_arbori (specie, diametru, inaltime, arbore_uscat, locatie, dendrogeomorfologie_id) VALUES ('Acer platanoides', 18, 8, false, 'Pădurea Roz', 4);
INSERT INTO zona_arbori (specie, diametru, inaltime, arbore_uscat, locatie, dendrogeomorfologie_id) VALUES ('Betula pendula', 16, 7, false, 'Pădurea Albă', 5);
INSERT INTO zona_arbori (specie, diametru, inaltime, arbore_uscat, locatie, dendrogeomorfologie_id) VALUES ('Quercus petraea', 28, 11, false, 'Pădurea Neagră', 6);
INSERT INTO zona_arbori (specie, diametru, inaltime, arbore_uscat, locatie, dendrogeomorfologie_id) VALUES ('Populus tremula', 18, 6, false, 'Pădurea Violetă', 7);
INSERT INTO zona_arbori (specie, diametru, inaltime, arbore_uscat, locatie, dendrogeomorfologie_id) VALUES ('Abies alba', 25, 8, false, 'Pădurea Maro', 8);
INSERT INTO zona_arbori (specie, diametru, inaltime, arbore_uscat, locatie, dendrogeomorfologie_id) VALUES ('Salix alba', 15, 5, false, 'Pădurea Portocalie', 9);
INSERT INTO zona_arbori (specie, diametru, inaltime, arbore_uscat, locatie, dendrogeomorfologie_id) VALUES ('Carpinus betulus', 20, 7, false, 'Pădurea Verde închis', 10);
INSERT INTO zona_arbori (specie, diametru, inaltime, arbore_uscat, locatie, dendrogeomorfologie_id) VALUES ('Quercus cerris', 32, 11, false, 'Pădurea Alba închis', 11);
INSERT INTO zona_arbori (specie, diametru, inaltime, arbore_uscat, locatie, dendrogeomorfologie_id) VALUES ('Pinus nigra', 28, 10, false, 'Pădurea Galben închis', 12);
INSERT INTO zona_arbori (specie, diametru, inaltime, arbore_uscat, locatie, dendrogeomorfologie_id) VALUES ('Picea abies', 23, 9, false, 'Pădurea Roz închis', 13);
INSERT INTO zona_arbori (specie, diametru, inaltime, arbore_uscat, locatie, dendrogeomorfologie_id) VALUES ('Corylus avellana', 15, 5, false, 'Pădurea Albă închis', 14);
INSERT INTO zona_arbori (specie, diametru, inaltime, arbore_uscat, locatie, dendrogeomorfologie_id) VALUES ('Ulmus glabra', 20, 8, false, 'Pădurea Neagră închis', 15);
INSERT INTO zona_arbori (specie, diametru, inaltime, arbore_uscat, locatie, dendrogeomorfologie_id) VALUES ('Tilia cordata', 18, 7, false, 'Pădurea Violet închis', 16);
INSERT INTO zona_arbori (specie, diametru, inaltime, arbore_uscat, locatie, dendrogeomorfologie_id) VALUES ('Acer campestre', 14, 6, false, 'Pădurea Maro închis', 17);
INSERT INTO zona_arbori (specie, diametru, inaltime, arbore_uscat, locatie, dendrogeomorfologie_id) VALUES ('Fraxinus excelsior', 25, 10, false, 'Pădurea Portocal închis', 18);
INSERT INTO zona_arbori (specie, diametru, inaltime, arbore_uscat, locatie, dendrogeomorfologie_id) VALUES ('Sorbus aucuparia', 16, 6, false, 'Pădurea Verde deschis', 19);
INSERT INTO zona_arbori (specie, diametru, inaltime, arbore_uscat, locatie, dendrogeomorfologie_id) VALUES ('Prunus avium', 22, 9, false, 'Pădurea Alba deschis', 20);
INSERT INTO zona_arbori (specie, diametru, inaltime, arbore_uscat, locatie, dendrogeomorfologie_id) VALUES ('Carpinus orientalis', 18, 8, false, 'Pădurea Roz deschis', 21);
INSERT INTO zona_arbori (specie, diametru, inaltime, arbore_uscat, locatie, dendrogeomorfologie_id) VALUES ('Quercus frainetto', 30, 12, false, 'Pădurea Albă deschis', 22);
INSERT INTO zona_arbori (specie, diametru, inaltime, arbore_uscat, locatie, dendrogeomorfologie_id) VALUES ('Pinus sylvestris', 25, 10, false, 'Pădurea Roz deschis', 23);
INSERT INTO zona_arbori (specie, diametru, inaltime, arbore_uscat, locatie, dendrogeomorfologie_id) VALUES ('Fagus sylvatica', 20, 8, false, 'Pădurea Neagră deschis', 24);
INSERT INTO zona_arbori (specie, diametru, inaltime, arbore_uscat, locatie, dendrogeomorfologie_id) VALUES ('Betula pendula', 16, 7, false, 'Pădurea Violet deschis', 25);
INSERT INTO zona_arbori (specie, diametru, inaltime, arbore_uscat, locatie, dendrogeomorfologie_id) VALUES ('Populus tremula', 18, 6, false, 'Pădurea Maro deschis', 26);
INSERT INTO zona_arbori (specie, diametru, inaltime, arbore_uscat, locatie, dendrogeomorfologie_id) VALUES ('Acer platanoides', 22, 9, false, 'Pădurea Portocal deschis', 27);
INSERT INTO zona_arbori (specie, diametru, inaltime, arbore_uscat, locatie, dendrogeomorfologie_id) VALUES ('Juglans regia', 30, 12, false, 'Pădurea Verde închis', 28);
INSERT INTO zona_arbori (specie, diametru, inaltime, arbore_uscat, locatie, dendrogeomorfologie_id) VALUES ('Cedrus libani', 25, 10, false, 'Pădurea Galben deschis', 29);
INSERT INTO zona_arbori (specie, diametru, inaltime, arbore_uscat, locatie, dendrogeomorfologie_id) VALUES ('Acer pseudoplatanus', 18, 8, false, 'Pădurea Alba deschis', 30);
INSERT INTO zona_arbori (specie, diametru, inaltime, arbore_uscat, locatie, dendrogeomorfologie_id) VALUES ('Pseudotsuga menziesii', 20, 9, false, 'Pădurea Roz închis', 31);
INSERT INTO zona_arbori (specie, diametru, inaltime, arbore_uscat, locatie, dendrogeomorfologie_id) VALUES ('Castanea sativa', 14, 6, false, 'Pădurea Albă închis', 32);
INSERT INTO zona_arbori (specie, diametru, inaltime, arbore_uscat, locatie, dendrogeomorfologie_id) VALUES ('Aesculus hippocastanum', 16, 7, false, 'Pădurea Violet închis', 33);
INSERT INTO zona_arbori (specie, diametru, inaltime, arbore_uscat, locatie, dendrogeomorfologie_id) VALUES ('Pinus nigra', 22, 9, false, 'Pădurea Maro închis', 34);
INSERT INTO zona_arbori (specie, diametru, inaltime, arbore_uscat, locatie, dendrogeomorfologie_id) VALUES ('Prunus avium', 15, 7, false, 'Pădurea Portocal închis', 35);
INSERT INTO zona_arbori (specie, diametru, inaltime, arbore_uscat, locatie, dendrogeomorfologie_id) VALUES ('Quercus cerris', 25, 10, false, 'Pădurea Galben închis', 36);
INSERT INTO zona_arbori (specie, diametru, inaltime, arbore_uscat, locatie, dendrogeomorfologie_id) VALUES ('Fraxinus excelsior', 18, 8, false, 'Pădurea Alba închis', 37);
INSERT INTO zona_arbori (specie, diametru, inaltime, arbore_uscat, locatie, dendrogeomorfologie_id) VALUES ('Sorbus aucuparia', 16, 7, false, 'Pădurea Roz închis', 38);
INSERT INTO zona_arbori (specie, diametru, inaltime, arbore_uscat, locatie, dendrogeomorfologie_id) VALUES ('Tilia platyphyllos', 20, 9, false, 'Pădurea Violet închis', 39);
INSERT INTO zona_arbori (specie, diametru, inaltime, arbore_uscat, locatie, dendrogeomorfologie_id) VALUES ('Carpinus betulus', 14, 6, false, 'Pădurea Neagră închis', 40);
INSERT INTO zona_arbori (specie, diametru, inaltime, arbore_uscat, locatie, dendrogeomorfologie_id) VALUES ('Ulmus glabra', 18, 8, false, 'Pădurea Verde închis', 41);
INSERT INTO zona_arbori (specie, diametru, inaltime, arbore_uscat, locatie, dendrogeomorfologie_id) VALUES ('Corylus avellana', 12, 5, false, 'Pădurea Alba deschis', 42);
INSERT INTO zona_arbori (specie, diametru, inaltime, arbore_uscat, locatie, dendrogeomorfologie_id) VALUES ('Ailanthus altissima', 16, 7, false, 'Pădurea Violet deschis', 43);
INSERT INTO zona_arbori (specie, diametru, inaltime, arbore_uscat, locatie, dendrogeomorfologie_id) VALUES ('Salix alba', 12, 5, false, 'Pădurea Roz deschis', 44);
INSERT INTO zona_arbori (specie, diametru, inaltime, arbore_uscat, locatie, dendrogeomorfologie_id) VALUES ('Ostrya carpinifolia', 20, 9, false, 'Pădurea Maro deschis', 45);
INSERT INTO zona_arbori (specie, diametru, inaltime, arbore_uscat, locatie, dendrogeomorfologie_id) VALUES ('Alnus glutinosa', 14, 6, false, 'Pădurea Portocal deschis', 46);
INSERT INTO zona_arbori (specie, diametru, inaltime, arbore_uscat, locatie, dendrogeomorfologie_id) VALUES ('Sambucus nigra', 18, 8, false, 'Pădurea Galben deschis', 47);
INSERT INTO zona_arbori (specie, diametru, inaltime, arbore_uscat, locatie, dendrogeomorfologie_id) VALUES ('Acer campestre', 16, 7, false, 'Pădurea Alba deschis', 48);
INSERT INTO zona_arbori (specie, diametru, inaltime, arbore_uscat, locatie, dendrogeomorfologie_id) VALUES ('Robinia pseudoacacia', 22, 9, false, 'Pădurea Roz deschis', 49);
INSERT INTO zona_arbori (specie, diametru, inaltime, arbore_uscat, locatie, dendrogeomorfologie_id) VALUES ('Celtis australis', 14, 6, false, 'Pădurea Maro deschis', 50);







--- insert table 6 ---


INSERT INTO procese_geomorfologice (nume_proces, descriere_proces, durata_proces, factori, dendrogeomorfologie_id) VALUES('Caderi de pietre', 'În urma unor ploi torențiale, au avut loc caderi de pietre pe versanții stâncoși din zona montană. Procesul a durat aproximativ 10 zile, cu factori de declanșare precum saturarea solului și eroziunea accentuată. Evenimentul a afectat versanți importanți din regiune.', 10, 'Eroziune, Ploi torențiale', 1);
INSERT INTO procese_geomorfologice (nume_proces, descriere_proces, durata_proces, factori, dendrogeomorfologie_id) VALUES('Avalanse', 'Sezonul de iarnă a fost caracterizat de acumularea unei cantități semnificative de zăpadă pe versanții înclinați din regiunea alpină. O avalanșă s-a declanșat după o perioadă de topire bruscă a zăpezii, având un impact asupra văilor adiacente. Procesul a durat aproximativ 15 minute, dar a avut consecințe semnificative.', 15, 'Topirea zăpezii, Inclinația terenului', 2);
INSERT INTO procese_geomorfologice (nume_proces, descriere_proces, durata_proces, factori, dendrogeomorfologie_id) VALUES('Creep', 'Deplasarea lentă a solului a fost observată într-o zonă umedă cu teren înclinat. Procesul a avut o durată de aproximativ 20 de ani și a fost cauzat de ploile abundente și de umiditatea crescută a solului. Factorii de declanșare au inclus și activitatea seismică sporadică în regiune.', 20, 'Inclinarea terenului, Umiditate', 3);
INSERT INTO procese_geomorfologice (nume_proces, descriere_proces, durata_proces, factori, dendrogeomorfologie_id) VALUES('Caderi de pietre', 'Caderi de pietre au avut loc pe versanții afectați de eroziune și de activitățile umane. Procesul a durat aproximativ 12 zile și a fost amplificat de lucrările de construcție în apropiere. Factorii de declanșare au inclus precipitațiile abundente și instabilitatea terenului.', 12, 'Eroziune, Activitate umană', 1);
INSERT INTO procese_geomorfologice (nume_proces, descriere_proces, durata_proces, factori, dendrogeomorfologie_id) VALUES('Avalanse', 'O avalanșă s-a produs în urma unei schimbări rapide a condițiilor meteorologice, cu temperaturi în creștere și topire accelerată a zăpezii. Durata procesului a fost de aproximativ 18 minute, iar factorii de declanșare au inclus topirea bruscă a stratului de zăpadă și instabilitatea terenului.', 18, 'Topirea zăpezii, Instabilitate teren', 2);
INSERT INTO procese_geomorfologice (nume_proces, descriere_proces, durata_proces, factori, dendrogeomorfologie_id) VALUES('Caderi de pietre', 'Lucrări de consolidare au fost efectuate pentru a preveni caderile de pietre pe versanții instabili. Procesul a avut o durată de aproximativ 8 luni și a implicat implementarea de plase de protecție și baraje. Factorii de declanșare au inclus eroziunea continuă și instabilitatea versanților.', 8, 'Lucrări de consolidare, Monitorizare', 1);
INSERT INTO procese_geomorfologice (nume_proces, descriere_proces, durata_proces, factori, dendrogeomorfologie_id) VALUES('Avalanse', 'O alertă de avalanșă a fost emisă în urma condițiilor meteorologice nefavorabile. Evacuarea preventivă s-a desfășurat pe o perioadă de 22 de ore, implicând sisteme avansate de avertizare și comunicare rapidă. Factorii de declanșare au inclus topirea rapidă a zăpezii și instabilitatea terenului.', 22, 'Alertă meteo, Topirea zăpezii', 2);
INSERT INTO procese_geomorfologice (nume_proces, descriere_proces, durata_proces, factori, dendrogeomorfologie_id) VALUES('Creep', 'Deplasarea lentă a solului a fost monitorizată constant cu ajutorul senzorilor și analizelor periodice. Procesul a avut o durată de aproximativ 30 de ani, iar măsurile de prevenire au inclus injecții de consolidare și lucrări de stabilizare urgentă. Factorii de declanșare au inclus umiditatea crescută și variațiile înclinației terenului.', 30, 'Senzori, Analize periodice', 3);
INSERT INTO procese_geomorfologice (nume_proces, descriere_proces, durata_proces, factori, dendrogeomorfologie_id) VALUES('Caderi de pietre', 'Un risc crescut de caderi de pietre a fost identificat pe versanții expuși. Studiul asupra impactului caderilor de pietre a implicat analize geotehnice și evaluarea daunelor cauzate infrastructurii locale. Procesul a durat aproximativ 14 zile, cu factori de declanșare precum eroziunea accelerată și activitatea umană intensă.', 14, 'Analiză geotehnică, Evaluare daune', 1);
INSERT INTO procese_geomorfologice (nume_proces, descriere_proces, durata_proces, factori, dendrogeomorfologie_id) VALUES('Avalanse', 'Reabilitarea după avalanse a implicat repararea drumurilor afectate și reconstrucția clădirilor deteriorate. Procesul a avut o durată de aproximativ 17 luni, iar măsurile de protecție au inclus implementarea de baraje de protecție și planuri de evacuare. Factorii de declanșare au inclus topirea rapidă a zăpezii și avalanșele anterioare.', 17, 'Reconstrucție, Înlăturare detritus', 2);
INSERT INTO procese_geomorfologice (nume_proces, descriere_proces, durata_proces, factori, dendrogeomorfologie_id) VALUES('Creep', 'Măsuri de prevenire a deplasărilor de sol au fost implementate în zonele umede și vulnerabile. Procesul a avut o durată de aproximativ 28 de ani și a implicat consolidarea terenurilor și protecția versanților. Factorii de declanșare au inclus umiditatea crescută și variațiile înclinației terenului.', 28, 'Consolidare teren, Protecția versanților', 3);
INSERT INTO procese_geomorfologice (nume_proces, descriere_proces, durata_proces, factori, dendrogeomorfologie_id) VALUES('Caderi de pietre', 'Educație publică privind riscurile caderilor de pietre a fost implementată prin sesiuni de informare și campanii de conștientizare. Procesul a durat aproximativ 11 luni, iar măsurile de prevenție au inclus instruiri și instalarea de plase de protecție. Factorii de declanșare au inclus eroziunea continuă și activitatea umană intensă.', 11, 'Sesiuni de informare, Campanii de conștientizare', 1);
INSERT INTO procese_geomorfologice (nume_proces, descriere_proces, durata_proces, factori, dendrogeomorfologie_id) VALUES('Avalanse', 'Măsuri de avertizare și evacuare în caz de avalanse au fost implementate în zonele montane. Procesul a avut o durată de aproximativ 20 de ore și a implicat utilizarea de sirene și sisteme de alertă. Factorii de declanșare au inclus topirea rapidă a zăpezii și instabilitatea terenului.', 20, 'Sirene, Sisteme de alertă', 2);
INSERT INTO procese_geomorfologice (nume_proces, descriere_proces, durata_proces, factori, dendrogeomorfologie_id) VALUES('Creep', 'Restaurarea habitatului natural după deplasările de sol a implicat revegetarea și reîmpădurirea zonelor afectate. Procesul a durat aproximativ 32 de ani, iar măsurile de protecție a biodiversității au inclus refacerea ecosistemului și conservarea speciilor amenințate. Factorii de declanșare au inclus variațiile înclinației terenului și umiditatea crescută.', 32, 'Revegetare, Reîmpădurire', 3);
INSERT INTO procese_geomorfologice (nume_proces, descriere_proces, durata_proces, factori, dendrogeomorfologie_id) VALUES('Caderi de pietre', 'Evaluarea impactului asupra infrastructurii a implicat analize structurale și reabilitarea drumurilor afectate. Procesul a durat aproximativ 13 luni, iar măsurile de prevenire au inclus analize de risc și identificarea punctelor critice. Factorii de declanșare au inclus eroziunea accelerată și activitatea umană intensă.', 13, 'Analiză structurală, Reabilitare drumuri', 1);
INSERT INTO procese_geomorfologice (nume_proces, descriere_proces, durata_proces, factori, dendrogeomorfologie_id) VALUES('Avalanse', 'Investigații asupra cauzelor avalanselor au inclus studii geologice și modelarea terenului. Procesul a durat aproximativ 16 luni, iar măsurile de protecție au inclus sisteme avansate de detecție a riscului și teledetecție. Factorii de declanșare au inclus topirea rapidă a zăpezii și instabilitatea terenului.', 16, 'Studiu geologic, Modelare teren', 2);
INSERT INTO procese_geomorfologice (nume_proces, descriere_proces, durata_proces, factori, dendrogeomorfologie_id) VALUES('Creep', 'Planificarea urbanistică pentru prevenirea deplasărilor de sol a implicat zonare și reglementări ale construcțiilor. Procesul a durat aproximativ 26 de ani, iar măsurile de protecție au inclus monitorizarea continuă și planificarea pe termen lung. Factorii de declanșare au inclus variațiile înclinației terenului și umiditatea crescută.', 26, 'Zonare, Reglementări construcții', 3);
INSERT INTO procese_geomorfologice (nume_proces, descriere_proces, durata_proces, factori, dendrogeomorfologie_id) VALUES('Avalanse', 'Reconstrucție infrastructură după avalanse a implicat repararea drumurilor afectate și reconstrucția clădirilor deteriorate. Procesul a durat aproximativ 24 de luni, iar măsurile de protecție au inclus repararea drumurilor și reconstrucția clădirilor afectate. Factorii de declanșare au inclus topirea rapidă a zăpezii și avalanșele anterioare.', 24, 'Reparare drumuri, Reconstrucție clădiri', 2);
INSERT INTO procese_geomorfologice (nume_proces, descriere_proces, durata_proces, factori, dendrogeomorfologie_id) VALUES('Creep', 'Strategii de adaptare la schimbările de sol au fost implementate în zonele vulnerabile. Procesul a durat aproximativ 27 de ani, iar măsurile de protecție au inclus monitorizare continuă și planificare pe termen lung. Factorii de declanșare au inclus variațiile înclinației terenului și umiditatea crescută.', 27, 'Monitorizare continuă, Planificare pe termen lung', 3);
INSERT INTO procese_geomorfologice (nume_proces, descriere_proces, durata_proces, factori, dendrogeomorfologie_id) VALUES('Caderi de pietre', 'Evaluare a vulnerabilității la caderi de pietre a implicat analize de risc și identificarea punctelor critice. Procesul a durat aproximativ 14 luni, iar măsurile de prevenire au inclus analize de risc și identificarea punctelor critice. Factorii de declanșare au inclus eroziunea accelerată și activitatea umană intensă.', 14, 'Analize de risc, Identificare puncte critice', 1);
INSERT INTO procese_geomorfologice (nume_proces, descriere_proces, durata_proces, factori, dendrogeomorfologie_id) VALUES('Avalanse', 'Implementare tehnologii de detectare a riscului de avalanse a implicat utilizarea de senzori și teledetecție. Procesul a durat aproximativ 18 luni, iar măsurile de protecție au inclus utilizarea de senzori și teledetecție. Factorii de declanșare au inclus topirea rapidă a zăpezii și instabilitatea terenului.', 18, 'Senzori, Teledetecție', 2);
INSERT INTO procese_geomorfologice (nume_proces, descriere_proces, durata_proces, factori, dendrogeomorfologie_id) VALUES('Creep', 'Stabilizare terenuri vulnerabile la deplasări a implicat utilizarea de injecții de consolidare și lucrări de terasare. Procesul a durat aproximativ 31 de ani, iar măsurile de protecție au inclus injecții de consolidare și lucrări de terasare. Factorii de declanșare au inclus umiditatea crescută și variațiile înclinației terenului.', 31, 'Injecții de consolidare, Lucrări de terasare', 3);
INSERT INTO procese_geomorfologice (nume_proces, descriere_proces, durata_proces, factori, dendrogeomorfologie_id) VALUES('Caderi de pietre', 'Planuri de intervenție în caz de caderi de pietre au implicat echipamente de urgență și rute de evacuare. Procesul a durat aproximativ 10 luni, iar măsurile de prevenire au inclus echipamente de urgență și rute de evacuare. Factorii de declanșare au inclus eroziunea accelerată și activitatea umană intensă.', 10, 'Echipamente de urgență, Rute de evacuare', 1);
INSERT INTO procese_geomorfologice (nume_proces, descriere_proces, durata_proces, factori, dendrogeomorfologie_id) VALUES('Avalanse', 'Simulări pentru evaluarea riscului de avalanse au implicat modelare computerizată și analize statistice. Procesul a durat aproximativ 16 luni, iar măsurile de protecție au inclus modelare computerizată și analize statistice. Factorii de declanșare au inclus topirea rapidă a zăpezii și instabilitatea terenului.', 16, 'Modelare computerizată, Analize statistice', 2);
INSERT INTO procese_geomorfologice (nume_proces, descriere_proces, durata_proces, factori, dendrogeomorfologie_id) VALUES('Creep', 'Restaurare habitat natural după deplasările de sol a implicat revegetare și protecția biodiversității. Procesul a durat aproximativ 29 de ani, iar măsurile de protecție au inclus revegetare și protecția biodiversității. Factorii de declanșare au inclus variațiile înclinației terenului și umiditatea crescută.', 29, 'Revegetare, Protecția biodiversității', 3);
INSERT INTO procese_geomorfologice (nume_proces, descriere_proces, durata_proces, factori, dendrogeomorfologie_id) VALUES('Caderi de pietre', 'Educație școlară privind geohazardurile a implicat lecții și prezentări. Procesul a durat aproximativ 11 luni, iar măsurile de prevenire au inclus lecții și prezentări. Factorii de declanșare au inclus eroziunea accelerată și activitatea umană intensă.', 11, 'Lecții, Prezentări', 1);
INSERT INTO procese_geomorfologice (nume_proces, descriere_proces, durata_proces, factori, dendrogeomorfologie_id) VALUES('Avalanse', 'Sisteme de avertizare timpurie pentru avalanse au implicat utilizarea de senzori și comunicare rapidă. Procesul a durat aproximativ 22 de luni, iar măsurile de protecție au inclus senzori și comunicare rapidă. Factorii de declanșare au inclus topirea rapidă a zăpezii și instabilitatea terenului.', 22, 'Senzori, Comunicare rapidă', 2);
INSERT INTO procese_geomorfologice (nume_proces, descriere_proces, durata_proces, factori, dendrogeomorfologie_id) VALUES('Creep', 'Măsuri de reducere a impactului asupra infrastructurii au implicat proiectare rezistentă și măsuri de protecție. Procesul a durat aproximativ 25 de ani, iar măsurile de protecție au inclus proiectare rezistentă și măsuri de protecție. Factorii de declanșare au inclus variațiile înclinației terenului și umiditatea crescută.', 25, 'Proiectare rezistentă, Măsuri de protecție', 3);
INSERT INTO procese_geomorfologice (nume_proces, descriere_proces, durata_proces, factori, dendrogeomorfologie_id) VALUES('Caderi de pietre', 'Evaluare a impactului asupra vegetației a implicat studiu ecologic și conservarea biodiversității. Procesul a durat aproximativ 13 luni, iar măsurile de prevenire au inclus studiu ecologic și conservarea biodiversității. Factorii de declanșare au inclus eroziunea accelerată și activitatea umană intensă.', 13, 'Studiu ecologic, Conservare biodiversitate', 1);
INSERT INTO procese_geomorfologice (nume_proces, descriere_proces, durata_proces, factori, dendrogeomorfologie_id) VALUES('Avalanse', 'Restaurare ecologică a zonelor afectate de avalanse a implicat reîmpădurire și refacere a ecosistemului. Procesul a durat aproximativ 19 luni, iar măsurile de protecție au inclus reîmpădurire și refacere a ecosistemului. Factorii de declanșare au inclus topirea rapidă a zăpezii și avalanșele anterioare.', 19, 'Reîmpădurire, Refacere ecosistem', 2);
INSERT INTO procese_geomorfologice (nume_proces, descriere_proces, durata_proces, factori, dendrogeomorfologie_id) VALUES('Creep', 'Monitorizare geotehnică a zonelor vulnerabile a implicat utilizarea de senzori și analize periodice. Procesul a durat aproximativ 30 de ani, iar măsurile de protecție au inclus senzori și analize periodice. Factorii de declanșare au inclus variațiile înclinației terenului și umiditatea crescută.', 30, 'Senzori, Analize periodice', 3);
INSERT INTO procese_geomorfologice (nume_proces, descriere_proces, durata_proces, factori, dendrogeomorfologie_id) VALUES('Caderi de pietre', 'Implementare de măsuri preventive în zonele turistice a implicat utilizarea de bariere de protecție și informare turistică. Procesul a durat aproximativ 9 luni, iar măsurile de prevenire au inclus bariere de protecție și informare turistică. Factorii de declanșare au inclus eroziunea accelerată și activitatea umană intensă.', 9, 'Bariere de protecție, Informare turistică', 1);
INSERT INTO procese_geomorfologice (nume_proces, descriere_proces, durata_proces, factori, dendrogeomorfologie_id) VALUES('Avalanse', 'Evacuare coordonată în caz de pericol de avalanse a implicat planuri de evacuare și comunicare eficientă. Procesul a durat aproximativ 17 luni, iar măsurile de protecție au inclus planuri de evacuare și comunicare eficientă. Factorii de declanșare au inclus topirea rapidă a zăpezii și instabilitatea terenului.', 17, 'Planuri de evacuare, Comunicare eficientă', 2);
INSERT INTO procese_geomorfologice (nume_proces, descriere_proces, durata_proces, factori, dendrogeomorfologie_id) VALUES('Creep', 'Reabilitare terenuri afectate de deplasările de sol a implicat reîmpădurire și lucrări de terasare. Procesul a durat aproximativ 26 de ani, iar măsurile de protecție au inclus reîmpădurire și lucrări de terasare. Factorii de declanșare au inclus variațiile înclinației terenului și umiditatea crescută.', 26, 'Reîmpădurire, Lucrări de terasare', 3);
INSERT INTO procese_geomorfologice (nume_proces, descriere_proces, durata_proces, factori, dendrogeomorfologie_id) VALUES('Caderi de pietre', 'Evaluare a impactului asupra infrastructurii de transport a implicat analize structurale și repararea drumurilor afectate. Procesul a durat aproximativ 14 luni, iar măsurile de prevenire au inclus analize structurale și repararea drumurilor. Factorii de declanșare au inclus eroziunea accelerată și activitatea umană intensă.', 14, 'Analize structurale, Reparare drumuri', 1);
INSERT INTO procese_geomorfologice (nume_proces, descriere_proces, durata_proces, factori, dendrogeomorfologie_id) VALUES('Avalanse', 'Monitorizare permanentă a factorilor de risc pentru avalanse a implicat utilizarea de senzori și observații meteorologice. Procesul a durat aproximativ 20 de luni, iar măsurile de protecție au inclus utilizarea de senzori și observații meteorologice. Factorii de declanșare au inclus topirea rapidă a zăpezii și instabilitatea terenului.', 20, 'Senzori, Observații meteorologice', 2);
INSERT INTO procese_geomorfologice (nume_proces, descriere_proces, durata_proces, factori, dendrogeomorfologie_id) VALUES('Creep', 'Planuri de adaptare la schimbările climatice au implicat strategii de consolidare și reglementări ale construcțiilor. Procesul a durat aproximativ 29 de ani, iar măsurile de protecție au inclus strategii de consolidare și reglementări ale construcțiilor. Factorii de declanșare au inclus variațiile înclinației terenului și umiditatea crescută.', 29, 'Strategii de consolidare, Reglementări construcții', 3);
INSERT INTO procese_geomorfologice (nume_proces, descriere_proces, durata_proces, factori, dendrogeomorfologie_id) VALUES('Caderi de pietre', 'Implementare de tehnologii avansate pentru prevenirea caderilor a implicat sisteme de avertizare și monitorizare geotehnică. Procesul a durat aproximativ 15 luni, iar măsurile de prevenire au inclus sisteme de avertizare și monitorizare geotehnică. Factorii de declanșare au inclus eroziunea accelerată și activitatea umană intensă.', 15, 'Sisteme de avertizare, Monitorizare geotehnică', 1);
INSERT INTO procese_geomorfologice (nume_proces, descriere_proces, durata_proces, factori, dendrogeomorfologie_id) VALUES('Avalanse', 'Restaurare habitat natural după avalanse a implicat reîmpădurire și conservarea biodiversității. Procesul a durat aproximativ 18 luni, iar măsurile de protecție au inclus reîmpădurire și conservarea biodiversității. Factorii de declanșare au inclus topirea rapidă a zăpezii și avalanșele anterioare.', 18, 'Reîmpădurire, Conservare biodiversitate', 2);
INSERT INTO procese_geomorfologice (nume_proces, descriere_proces, durata_proces, factori, dendrogeomorfologie_id) VALUES('Creep', 'Dezvoltare urbanistică sustenabilă în zonele vulnerabile a implicat planificare pe termen lung și zonare. Procesul a durat aproximativ 32 de ani, iar măsurile de protecție au inclus planificare pe termen lung și zonare. Factorii de declanșare au inclus variațiile înclinației terenului și umiditatea crescută.', 32, 'Planificare pe termen lung, Zonare', 3);
INSERT INTO procese_geomorfologice (nume_proces, descriere_proces, durata_proces, factori, dendrogeomorfologie_id) VALUES('Caderi de pietre', 'Implementare tehnologii moderne pentru prevenirea caderilor de pietre. Procesul a avut o durată de aproximativ 15 luni și a inclus senzori de monitorizare și sisteme de avertizare avansate. Factorii de declanșare au inclus eroziunea continuă și activitatea umană intensă.', 15, 'Sensoare, Sisteme de avertizare', 1);
INSERT INTO procese_geomorfologice (nume_proces, descriere_proces, durata_proces, factori, dendrogeomorfologie_id) VALUES('Avalanse', 'Reconstrucție infrastructură după avalanse, inclusiv repararea drumurilor și reconstrucția clădirilor afectate. Procesul a durat aproximativ 24 de luni, iar măsurile de protecție au inclus repararea drumurilor și reconstrucția clădirilor. Factorii de declanșare au inclus topirea rapidă a zăpezii și avalanșele anterioare.', 24, 'Reparare drumuri, Reconstrucție clădiri', 2);
INSERT INTO procese_geomorfologice (nume_proces, descriere_proces, durata_proces, factori, dendrogeomorfologie_id) VALUES('Creep', 'Strategii de adaptare la schimbările de sol prin monitorizare continuă și planificare pe termen lung. Procesul a durat aproximativ 27 de ani și a implicat implementarea de strategii de consolidare și reglementări ale construcțiilor. Factorii de declanșare au inclus variațiile înclinației terenului și umiditatea crescută.', 27, 'Monitorizare continuă, Planificare pe termen lung', 3);
INSERT INTO procese_geomorfologice (nume_proces, descriere_proces, durata_proces, factori, dendrogeomorfologie_id) VALUES('Caderi de pietre', 'Evaluare a vulnerabilității la caderi de pietre, inclusiv analize de risc și identificarea punctelor critice. Procesul a durat aproximativ 14 luni, iar măsurile de prevenire au inclus consolidarea versanților și instalarea de plase de protecție. Factorii de declanșare au inclus eroziunea accelerată și activitatea umană intensă.', 14, 'Analize de risc, Identificare puncte critice', 1);
INSERT INTO procese_geomorfologice (nume_proces, descriere_proces, durata_proces, factori, dendrogeomorfologie_id) VALUES('Avalanse', 'Implementare tehnologii de detectare a riscului de avalanse, inclusiv utilizarea de senzori și teledetecție. Procesul a avut o durată de aproximativ 18 luni, iar măsurile de protecție au inclus sisteme de avertizare timpurie și planuri de evacuare. Factorii de declanșare au inclus topirea rapidă a zăpezii și instabilitatea terenului.', 18, 'Senzori, Teledetecție', 2);
INSERT INTO procese_geomorfologice (nume_proces, descriere_proces, durata_proces, factori, dendrogeomorfologie_id) VALUES('Creep', 'Stabilizare terenuri vulnerabile la deplasări prin utilizarea de injecții de consolidare și lucrări de terasare. Procesul a durat aproximativ 31 de ani și a implicat monitorizare continuă și analize periodice ale solului. Factorii de declanșare au inclus variațiile înclinației terenului și umiditatea crescută.', 31, 'Injecții de consolidare, Lucrări de terasare', 3);
INSERT INTO procese_geomorfologice (nume_proces, descriere_proces, durata_proces, factori, dendrogeomorfologie_id) VALUES('Caderi de pietre', 'Planuri de intervenție în caz de caderi de pietre, inclusiv echipamente de urgență și rute de evacuare. Procesul a durat aproximativ 10 luni, iar măsurile de prevenire au inclus pregătirea comunității prin instruiri și instalarea de echipamente de urgență. Factorii de declanșare au inclus eroziunea accelerată și activitatea umană intensă.', 10, 'Echipamente de urgență, Rute de evacuare', 1);
INSERT INTO procese_geomorfologice (nume_proces, descriere_proces, durata_proces, factori, dendrogeomorfologie_id) VALUES('Avalanse', 'Simulări pentru evaluarea riscului de avalanse, inclusiv modelare computerizată și analize statistice. Procesul a durat aproximativ 16 luni, iar măsurile de protecție au inclus implementarea de sisteme avansate de avertizare și teledetecție. Factorii de declanșare au inclus topirea rapidă a zăpezii și instabilitatea terenului.', 16, 'Modelare computerizată, Analize statistice', 2);
INSERT INTO procese_geomorfologice (nume_proces, descriere_proces, durata_proces, factori, dendrogeomorfologie_id) VALUES('Creep', 'Restaurare habitat natural după deplasările de sol, inclusiv revegetare și protecția biodiversității. Procesul a durat aproximativ 29 de ani și a implicat reîmpădurire și refacere a ecosistemului. Factorii de declanșare au inclus variațiile înclinației terenului și umiditatea crescută.', 29, 'Reabilitare naturală, Refacere ecosistem', 3);
INSERT INTO procese_geomorfologice (nume_proces, descriere_proces, durata_proces, factori, dendrogeomorfologie_id) VALUES('Caderi de pietre', 'Implementare de tehnologii avansate pentru prevenirea caderilor, inclusiv sisteme de avertizare și monitorizare geotehnică. Procesul a durat aproximativ 15 luni și a implicat implementarea de tehnologii avansate pentru prevenirea caderilor. Factorii de declanșare au inclus eroziunea continuă și activitatea umană intensă.', 15, 'Sisteme de avertizare, Monitorizare geotehnică', 1);
INSERT INTO procese_geomorfologice (nume_proces, descriere_proces, durata_proces, factori, dendrogeomorfologie_id) VALUES('Avalanse', 'Restaurare habitat natural după avalanse, inclusiv reîmpădurire și conservare a biodiversității. Procesul a durat aproximativ 18 luni și a implicat reîmpădurire și protecția mediului. Factorii de declanșare au inclus topirea rapidă a zăpezii și avalanșele anterioare.', 18, 'Revegetare, Protecția biodiversității', 2);







--- table 7 ---

INSERT INTO caderi_pietre (tip, daune, data_caderii, proces_activ, procese_geomorfologice_id) VALUES('Caderi de pietre', 'Da', '2023-03-15', true, 1);
INSERT INTO caderi_pietre (tip, daune, data_caderii, proces_activ, procese_geomorfologice_id) VALUES('Avalansa de roci', 'Nu', '2023-04-21', true, 2);
INSERT INTO caderi_pietre (tip, daune, data_caderii, proces_activ, procese_geomorfologice_id) VALUES('Eroziune teren', 'Da', '2023-05-08', true, 3);
INSERT INTO caderi_pietre (tip, daune, data_caderii, proces_activ, procese_geomorfologice_id) VALUES('Alunecare de teren', 'Nu', '2023-06-12', true, 4);
INSERT INTO caderi_pietre (tip, daune, data_caderii, proces_activ, procese_geomorfologice_id) VALUES('Deplasare masiva de stanci', 'Da', '2023-07-17', true, 5);
INSERT INTO caderi_pietre (tip, daune, data_caderii, proces_activ, procese_geomorfologice_id) VALUES('Eroziune teren', 'Nu', '2023-08-22', true, 6);
INSERT INTO caderi_pietre (tip, daune, data_caderii, proces_activ, procese_geomorfologice_id) VALUES('Avalansa de pietre', 'Da', '2023-09-30', true, 7);
INSERT INTO caderi_pietre (tip, daune, data_caderii, proces_activ, procese_geomorfologice_id) VALUES('Caderi de stanci', 'Nu', '2023-10-15', true, 8);
INSERT INTO caderi_pietre (tip, daune, data_caderii, proces_activ, procese_geomorfologice_id) VALUES('Alunecare masiva de sol', 'Da', '2023-11-20', true, 9);
INSERT INTO caderi_pietre (tip, daune, data_caderii, proces_activ, procese_geomorfologice_id) VALUES('Deplasare de teren', 'Nu', '2023-12-25', true, 10);
INSERT INTO caderi_pietre (tip, daune, data_caderii, proces_activ, procese_geomorfologice_id) VALUES('Avalansa de roci', 'Da', '2024-01-05', true, 11);
INSERT INTO caderi_pietre (tip, daune, data_caderii, proces_activ, procese_geomorfologice_id) VALUES('Alunecare de teren', 'Nu', '2024-02-10', true, 12);
INSERT INTO caderi_pietre (tip, daune, data_caderii, proces_activ, procese_geomorfologice_id) VALUES('Caderi de stanci', 'Da', '2024-03-18', true, 13);
INSERT INTO caderi_pietre (tip, daune, data_caderii, proces_activ, procese_geomorfologice_id) VALUES('Eroziune teren', 'Nu', '2024-04-25', true, 14);
INSERT INTO caderi_pietre (tip, daune, data_caderii, proces_activ, procese_geomorfologice_id) VALUES('Deplasare de teren', 'Da', '2024-05-30', true, 15);
INSERT INTO caderi_pietre (tip, daune, data_caderii, proces_activ, procese_geomorfologice_id) VALUES('Avalansa de pietre', 'Nu', '2024-06-14', true, 16);
INSERT INTO caderi_pietre (tip, daune, data_caderii, proces_activ, procese_geomorfologice_id) VALUES('Caderi de stanci', 'Da', '2024-07-21', true, 17);
INSERT INTO caderi_pietre (tip, daune, data_caderii, proces_activ, procese_geomorfologice_id) VALUES('Alunecare masiva de sol', 'Nu', '2024-08-28', true, 18);
INSERT INTO caderi_pietre (tip, daune, data_caderii, proces_activ, procese_geomorfologice_id) VALUES('Avalansa de roci', 'Da', '2024-09-02', true, 19);
INSERT INTO caderi_pietre (tip, daune, data_caderii, proces_activ, procese_geomorfologice_id) VALUES('Deplasare masiva de stanci', 'Nu', '2024-10-09', true, 20);
INSERT INTO caderi_pietre (tip, daune, data_caderii, proces_activ, procese_geomorfologice_id) VALUES('Caderi de pietre', 'Da', '2024-11-14', true, 21);
INSERT INTO caderi_pietre (tip, daune, data_caderii, proces_activ, procese_geomorfologice_id) VALUES('Avalansa de pietre', 'Nu', '2024-12-21', true, 22);
INSERT INTO caderi_pietre (tip, daune, data_caderii, proces_activ, procese_geomorfologice_id) VALUES('Eroziune teren', 'Da', '2025-01-26', true, 23);
INSERT INTO caderi_pietre (tip, daune, data_caderii, proces_activ, procese_geomorfologice_id) VALUES('Alunecare de teren', 'Nu', '2025-02-28', true, 24);
INSERT INTO caderi_pietre (tip, daune, data_caderii, proces_activ, procese_geomorfologice_id) VALUES('Caderi de stanci', 'Da', '2025-03-05', true, 25);
INSERT INTO caderi_pietre (tip, daune, data_caderii, proces_activ, procese_geomorfologice_id) VALUES('Deplasare masiva de stanci', 'Nu', '2025-04-10', true, 26);
INSERT INTO caderi_pietre (tip, daune, data_caderii, proces_activ, procese_geomorfologice_id) VALUES('Avalansa de roci', 'Da', '2025-05-15', true, 27);
INSERT INTO caderi_pietre (tip, daune, data_caderii, proces_activ, procese_geomorfologice_id) VALUES('Caderi de pietre', 'Nu', '2025-06-20', true, 28);
INSERT INTO caderi_pietre (tip, daune, data_caderii, proces_activ, procese_geomorfologice_id) VALUES('Alunecare de teren', 'Da', '2025-07-25', true, 29);
INSERT INTO caderi_pietre (tip, daune, data_caderii, proces_activ, procese_geomorfologice_id) VALUES('Avalansa de pietre', 'Nu', '2025-08-30', true, 30);
INSERT INTO caderi_pietre (tip, daune, data_caderii, proces_activ, procese_geomorfologice_id) VALUES('Caderi de stanci', 'Da', '2025-09-04', true, 31);
INSERT INTO caderi_pietre (tip, daune, data_caderii, proces_activ, procese_geomorfologice_id) VALUES('Deplasare de teren', 'Nu', '2025-10-09', true, 32);
INSERT INTO caderi_pietre (tip, daune, data_caderii, proces_activ, procese_geomorfologice_id) VALUES('Avalansa de roci', 'Da', '2025-11-14', true, 33);
INSERT INTO caderi_pietre (tip, daune, data_caderii, proces_activ, procese_geomorfologice_id) VALUES('Caderi de pietre', 'Nu', '2025-12-19', true, 34);
INSERT INTO caderi_pietre (tip, daune, data_caderii, proces_activ, procese_geomorfologice_id) VALUES('Eroziune teren', 'Da', '2026-01-24', true, 35);
INSERT INTO caderi_pietre (tip, daune, data_caderii, proces_activ, procese_geomorfologice_id) VALUES('Alunecare masiva de sol', 'Nu', '2026-02-28', true, 36);
INSERT INTO caderi_pietre (tip, daune, data_caderii, proces_activ, procese_geomorfologice_id) VALUES('Caderi de stanci', 'Da', '2026-03-05', true, 37);
INSERT INTO caderi_pietre (tip, daune, data_caderii, proces_activ, procese_geomorfologice_id) VALUES('Avalansa de pietre', 'Nu', '2026-04-10', true, 38);
INSERT INTO caderi_pietre (tip, daune, data_caderii, proces_activ, procese_geomorfologice_id) VALUES('Deplasare masiva de stanci', 'Da', '2026-05-15', true, 39);
INSERT INTO caderi_pietre (tip, daune, data_caderii, proces_activ, procese_geomorfologice_id) VALUES('Avalansa de roci', 'Nu', '2026-06-20', true, 40);
INSERT INTO caderi_pietre (tip, daune, data_caderii, proces_activ, procese_geomorfologice_id) VALUES('Caderi de pietre', 'Da', '2026-07-25', true, 41);
INSERT INTO caderi_pietre (tip, daune, data_caderii, proces_activ, procese_geomorfologice_id) VALUES('Alunecare de teren', 'Nu', '2026-08-30', true, 42);
INSERT INTO caderi_pietre (tip, daune, data_caderii, proces_activ, procese_geomorfologice_id) VALUES('Avalansa de pietre', 'Da', '2026-09-04', true, 43);
INSERT INTO caderi_pietre (tip, daune, data_caderii, proces_activ, procese_geomorfologice_id) VALUES('Caderi de stanci', 'Nu', '2026-10-09', true, 44);
INSERT INTO caderi_pietre (tip, daune, data_caderii, proces_activ, procese_geomorfologice_id) VALUES('Alunecare masiva de sol', 'Da', '2026-11-14', true, 45);
INSERT INTO caderi_pietre (tip, daune, data_caderii, proces_activ, procese_geomorfologice_id) VALUES('Avalansa de roci', 'Nu', '2026-12-19', true, 46);
INSERT INTO caderi_pietre (tip, daune, data_caderii, proces_activ, procese_geomorfologice_id) VALUES('Eroziune teren', 'Da', '2027-01-24', true, 47);
INSERT INTO caderi_pietre (tip, daune, data_caderii, proces_activ, procese_geomorfologice_id) VALUES('Caderi de pietre', 'Nu', '2027-02-28', true, 48);
INSERT INTO caderi_pietre (tip, daune, data_caderii, proces_activ, procese_geomorfologice_id) VALUES('Alunecare de teren', 'Da', '2027-03-05', true, 49);
INSERT INTO caderi_pietre (tip, daune, data_caderii, proces_activ, procese_geomorfologice_id) VALUES('Caderi de stanci', 'Nu', '2027-04-10', true, 50);








--- table 8 ---

INSERT INTO avalanse (tip_avalansa, tip_teren, daune, distanta_parcursa_km, proces_activ, procese_geomorfologice_id) VALUES('Avalansa pudroasa (cu nor)', 'Munte', 'Da', 5, false, 1);
INSERT INTO avalanse (tip_avalansa, tip_teren, daune, distanta_parcursa_km, proces_activ, procese_geomorfologice_id) VALUES('Avalansa granuloasa (fara nor)', 'Alpin', 'Da', 8, false, 2);
INSERT INTO avalanse (tip_avalansa, tip_teren, daune, distanta_parcursa_km, proces_activ, procese_geomorfologice_id) VALUES('Avalansa cu placi de vant', 'Munte', 'Da', 10, false, 3);
INSERT INTO avalanse (tip_avalansa, tip_teren, daune, distanta_parcursa_km, proces_activ, procese_geomorfologice_id) VALUES('Avalansa cu placi umede', 'Alpin', 'Nu', 12, false, 4);
INSERT INTO avalanse (tip_avalansa, tip_teren, daune, distanta_parcursa_km, proces_activ, procese_geomorfologice_id) VALUES('Avalansa cu bulgari si rulouri', 'Munte', 'Da', 7, false, 5);
INSERT INTO avalanse (tip_avalansa, tip_teren, daune, distanta_parcursa_km, proces_activ, procese_geomorfologice_id) VALUES('Avalansa de fuziune', 'Alpin', 'Da', 15, false, 6);
INSERT INTO avalanse (tip_avalansa, tip_teren, daune, distanta_parcursa_km, proces_activ, procese_geomorfologice_id) VALUES('Avalansa pudroasa (cu nor)', 'Munte', 'Da', 6, false, 7);
INSERT INTO avalanse (tip_avalansa, tip_teren, daune, distanta_parcursa_km, proces_activ, procese_geomorfologice_id) VALUES('Avalansa granuloasa (fara nor)', 'Alpin', 'Da', 7, false, 8);
INSERT INTO avalanse (tip_avalansa, tip_teren, daune, distanta_parcursa_km, proces_activ, procese_geomorfologice_id) VALUES('Avalansa cu placi de vant', 'Munte', 'Nu', 14, false, 9);
INSERT INTO avalanse (tip_avalansa, tip_teren, daune, distanta_parcursa_km, proces_activ, procese_geomorfologice_id) VALUES('Avalansa cu placi umede', 'Alpin', 'Da', 9, false, 10);
INSERT INTO avalanse (tip_avalansa, tip_teren, daune, distanta_parcursa_km, proces_activ, procese_geomorfologice_id) VALUES('Avalansa cu bulgari si rulouri', 'Munte', 'Nu', 11, false, 11);
INSERT INTO avalanse (tip_avalansa, tip_teren, daune, distanta_parcursa_km, proces_activ, procese_geomorfologice_id) VALUES('Avalansa de fuziune', 'Alpin', 'Da', 16, false, 12);
INSERT INTO avalanse (tip_avalansa, tip_teren, daune, distanta_parcursa_km, proces_activ, procese_geomorfologice_id) VALUES('Avalansa pudroasa (cu nor)', 'Munte', 'Nu', 13, false, 13);
INSERT INTO avalanse (tip_avalansa, tip_teren, daune, distanta_parcursa_km, proces_activ, procese_geomorfologice_id) VALUES('Avalansa granuloasa (fara nor)', 'Alpin', 'Da', 11, false, 14);
INSERT INTO avalanse (tip_avalansa, tip_teren, daune, distanta_parcursa_km, proces_activ, procese_geomorfologice_id) VALUES('Avalansa cu placi de vant', 'Munte', 'Da', 8, false, 15);
INSERT INTO avalanse (tip_avalansa, tip_teren, daune, distanta_parcursa_km, proces_activ, procese_geomorfologice_id) VALUES('Avalansa cu placi umede', 'Alpin', 'Nu', 15, false, 16);
INSERT INTO avalanse (tip_avalansa, tip_teren, daune, distanta_parcursa_km, proces_activ, procese_geomorfologice_id) VALUES('Avalansa cu bulgari si rulouri', 'Munte', 'Da', 12, false, 17);
INSERT INTO avalanse (tip_avalansa, tip_teren, daune, distanta_parcursa_km, proces_activ, procese_geomorfologice_id) VALUES('Avalansa de fuziune', 'Alpin', 'Da', 7, false, 18);
INSERT INTO avalanse (tip_avalansa, tip_teren, daune, distanta_parcursa_km, proces_activ, procese_geomorfologice_id) VALUES('Avalansa pudroasa (cu nor)', 'Munte', 'Da', 14, false, 19);
INSERT INTO avalanse (tip_avalansa, tip_teren, daune, distanta_parcursa_km, proces_activ, procese_geomorfologice_id) VALUES('Avalansa granuloasa (fara nor)', 'Alpin', 'Nu', 10, false, 20);
INSERT INTO avalanse (tip_avalansa, tip_teren, daune, distanta_parcursa_km, proces_activ, procese_geomorfologice_id) VALUES('Avalansa cu placi de vant', 'Munte', 'Da', 8, false, 21);
INSERT INTO avalanse (tip_avalansa, tip_teren, daune, distanta_parcursa_km, proces_activ, procese_geomorfologice_id) VALUES('Avalansa cu placi umede', 'Alpin', 'Da', 13, false, 22);
INSERT INTO avalanse (tip_avalansa, tip_teren, daune, distanta_parcursa_km, proces_activ, procese_geomorfologice_id) VALUES('Avalansa cu bulgari si rulouri', 'Munte', 'Nu', 9, false, 23);
INSERT INTO avalanse (tip_avalansa, tip_teren, daune, distanta_parcursa_km, proces_activ, procese_geomorfologice_id) VALUES('Avalansa de fuziune', 'Alpin', 'Da', 15, false, 24);
INSERT INTO avalanse (tip_avalansa, tip_teren, daune, distanta_parcursa_km, proces_activ, procese_geomorfologice_id) VALUES('Avalansa pudroasa (cu nor)', 'Munte', 'Nu', 10, false, 25);
INSERT INTO avalanse (tip_avalansa, tip_teren, daune, distanta_parcursa_km, proces_activ, procese_geomorfologice_id) VALUES('Avalansa granuloasa (fara nor)', 'Alpin', 'Da', 11, false, 26);
INSERT INTO avalanse (tip_avalansa, tip_teren, daune, distanta_parcursa_km, proces_activ, procese_geomorfologice_id) VALUES('Avalansa cu placi de vant', 'Munte', 'Da', 16, false, 27);
INSERT INTO avalanse (tip_avalansa, tip_teren, daune, distanta_parcursa_km, proces_activ, procese_geomorfologice_id) VALUES('Avalansa cu placi umede', 'Alpin', 'Nu', 14, false, 28);
INSERT INTO avalanse (tip_avalansa, tip_teren, daune, distanta_parcursa_km, proces_activ, procese_geomorfologice_id) VALUES('Avalansa cu bulgari si rulouri', 'Munte', 'Da', 7, false, 29);
INSERT INTO avalanse (tip_avalansa, tip_teren, daune, distanta_parcursa_km, proces_activ, procese_geomorfologice_id) VALUES('Avalansa de fuziune', 'Alpin', 'Da', 8, false, 30);
INSERT INTO avalanse (tip_avalansa, tip_teren, daune, distanta_parcursa_km, proces_activ, procese_geomorfologice_id) VALUES('Avalansa pudroasa (cu nor)', 'Munte', 'Da', 13, false, 31);
INSERT INTO avalanse (tip_avalansa, tip_teren, daune, distanta_parcursa_km, proces_activ, procese_geomorfologice_id) VALUES('Avalansa granuloasa (fara nor)', 'Alpin', 'Nu', 12, false, 32);
INSERT INTO avalanse (tip_avalansa, tip_teren, daune, distanta_parcursa_km, proces_activ, procese_geomorfologice_id) VALUES('Avalansa cu placi de vant', 'Munte', 'Da', 9, false, 33);
INSERT INTO avalanse (tip_avalansa, tip_teren, daune, distanta_parcursa_km, proces_activ, procese_geomorfologice_id) VALUES('Avalansa cu placi umede', 'Alpin', 'Da', 14, false, 34);
INSERT INTO avalanse (tip_avalansa, tip_teren, daune, distanta_parcursa_km, proces_activ, procese_geomorfologice_id) VALUES('Avalansa cu bulgari si rulouri', 'Munte', 'Nu', 15, false, 35);
INSERT INTO avalanse (tip_avalansa, tip_teren, daune, distanta_parcursa_km, proces_activ, procese_geomorfologice_id) VALUES('Avalansa de fuziune', 'Alpin', 'Da', 16, false, 36);
INSERT INTO avalanse (tip_avalansa, tip_teren, daune, distanta_parcursa_km, proces_activ, procese_geomorfologice_id) VALUES('Avalansa pudroasa (cu nor)', 'Munte', 'Nu', 7, false, 37);
INSERT INTO avalanse (tip_avalansa, tip_teren, daune, distanta_parcursa_km, proces_activ, procese_geomorfologice_id) VALUES('Avalansa granuloasa (fara nor)', 'Alpin', 'Da', 10, false, 38);
INSERT INTO avalanse (tip_avalansa, tip_teren, daune, distanta_parcursa_km, proces_activ, procese_geomorfologice_id) VALUES('Avalansa cu placi de vant', 'Munte', 'Da', 15, false, 39);
INSERT INTO avalanse (tip_avalansa, tip_teren, daune, distanta_parcursa_km, proces_activ, procese_geomorfologice_id) VALUES('Avalansa cu placi umede', 'Alpin', 'Nu', 8, false, 40);
INSERT INTO avalanse (tip_avalansa, tip_teren, daune, distanta_parcursa_km, proces_activ, procese_geomorfologice_id) VALUES('Avalansa cu bulgari si rulouri', 'Munte', 'Da', 12, false, 41);
INSERT INTO avalanse (tip_avalansa, tip_teren, daune, distanta_parcursa_km, proces_activ, procese_geomorfologice_id) VALUES('Avalansa de fuziune', 'Alpin', 'Da', 9, false, 42);
INSERT INTO avalanse (tip_avalansa, tip_teren, daune, distanta_parcursa_km, proces_activ, procese_geomorfologice_id) VALUES('Avalansa pudroasa (cu nor)', 'Munte', 'Da', 14, false, 43);
INSERT INTO avalanse (tip_avalansa, tip_teren, daune, distanta_parcursa_km, proces_activ, procese_geomorfologice_id) VALUES('Avalansa granuloasa (fara nor)', 'Alpin', 'Nu', 11, false, 44);
INSERT INTO avalanse (tip_avalansa, tip_teren, daune, distanta_parcursa_km, proces_activ, procese_geomorfologice_id) VALUES('Avalansa cu placi de vant', 'Munte', 'Da', 10, false, 45);
INSERT INTO avalanse (tip_avalansa, tip_teren, daune, distanta_parcursa_km, proces_activ, procese_geomorfologice_id) VALUES('Avalansa cu placi umede', 'Alpin', 'Nu', 13, false, 46);
INSERT INTO avalanse (tip_avalansa, tip_teren, daune, distanta_parcursa_km, proces_activ, procese_geomorfologice_id) VALUES('Avalansa cu bulgari si rulouri', 'Munte', 'Da', 8, false, 47);
INSERT INTO avalanse (tip_avalansa, tip_teren, daune, distanta_parcursa_km, proces_activ, procese_geomorfologice_id) VALUES('Avalansa de fuziune', 'Alpin', 'Da', 15, false, 48);
INSERT INTO avalanse (tip_avalansa, tip_teren, daune, distanta_parcursa_km, proces_activ, procese_geomorfologice_id) VALUES('Avalansa pudroasa (cu nor)', 'Munte', 'Nu', 9, false, 49);
INSERT INTO avalanse (tip_avalansa, tip_teren, daune, distanta_parcursa_km, proces_activ, procese_geomorfologice_id) VALUES('Avalansa granuloasa (fara nor)', 'Alpin', 'Da', 16, false, 50);








--- table 9 ---

INSERT INTO creep (viteza_deplasare, daune, proces_activ, procese_geomorfologice_id) VALUES(5, 'Da', true, 1);
INSERT INTO creep (viteza_deplasare, daune, proces_activ, procese_geomorfologice_id) VALUES(8, 'Da', false, 2);
INSERT INTO creep (viteza_deplasare, daune, proces_activ, procese_geomorfologice_id) VALUES(10, 'Nu', true, 3);
INSERT INTO creep (viteza_deplasare, daune, proces_activ, procese_geomorfologice_id) VALUES(12, 'Da', false, 4);
INSERT INTO creep (viteza_deplasare, daune, proces_activ, procese_geomorfologice_id) VALUES(7, 'Nu', true, 5);
INSERT INTO creep (viteza_deplasare, daune, proces_activ, procese_geomorfologice_id) VALUES(15, 'Da', false, 6);
INSERT INTO creep (viteza_deplasare, daune, proces_activ, procese_geomorfologice_id) VALUES(6, 'Nu', true, 7);
INSERT INTO creep (viteza_deplasare, daune, proces_activ, procese_geomorfologice_id) VALUES(7, 'Da', false, 8);
INSERT INTO creep (viteza_deplasare, daune, proces_activ, procese_geomorfologice_id) VALUES(14, 'Nu', true, 9);
INSERT INTO creep (viteza_deplasare, daune, proces_activ, procese_geomorfologice_id) VALUES(9, 'Da', false, 10);
INSERT INTO creep (viteza_deplasare, daune, proces_activ, procese_geomorfologice_id) VALUES(11, 'Nu', true, 11);
INSERT INTO creep (viteza_deplasare, daune, proces_activ, procese_geomorfologice_id) VALUES(16, 'Da', true, 12);
INSERT INTO creep (viteza_deplasare, daune, proces_activ, procese_geomorfologice_id) VALUES(13, 'Da', false, 13);
INSERT INTO creep (viteza_deplasare, daune, proces_activ, procese_geomorfologice_id) VALUES(11, 'Nu', true, 14);
INSERT INTO creep (viteza_deplasare, daune, proces_activ, procese_geomorfologice_id) VALUES(8, 'Da', false, 15);
INSERT INTO creep (viteza_deplasare, daune, proces_activ, procese_geomorfologice_id) VALUES(15, 'Nu', true, 16);
INSERT INTO creep (viteza_deplasare, daune, proces_activ, procese_geomorfologice_id) VALUES(12, 'Da', true, 17);
INSERT INTO creep (viteza_deplasare, daune, proces_activ, procese_geomorfologice_id) VALUES(7, 'Nu', false, 18);
INSERT INTO creep (viteza_deplasare, daune, proces_activ, procese_geomorfologice_id) VALUES(14, 'Da', true, 19);
INSERT INTO creep (viteza_deplasare, daune, proces_activ, procese_geomorfologice_id) VALUES(10, 'Nu', false, 20);
INSERT INTO creep (viteza_deplasare, daune, proces_activ, procese_geomorfologice_id) VALUES(8, 'Da', true, 21);
INSERT INTO creep (viteza_deplasare, daune, proces_activ, procese_geomorfologice_id) VALUES(13, 'Nu', false, 22);
INSERT INTO creep (viteza_deplasare, daune, proces_activ, procese_geomorfologice_id) VALUES(9, 'Da', true, 23);
INSERT INTO creep (viteza_deplasare, daune, proces_activ, procese_geomorfologice_id) VALUES(15, 'Nu', false, 24);
INSERT INTO creep (viteza_deplasare, daune, proces_activ, procese_geomorfologice_id) VALUES(10, 'Da', true, 25);
INSERT INTO creep (viteza_deplasare, daune, proces_activ, procese_geomorfologice_id) VALUES(11, 'Nu', false, 26);
INSERT INTO creep (viteza_deplasare, daune, proces_activ, procese_geomorfologice_id) VALUES(16, 'Da', false, 27);
INSERT INTO creep (viteza_deplasare, daune, proces_activ, procese_geomorfologice_id) VALUES(14, 'Nu', true, 28);
INSERT INTO creep (viteza_deplasare, daune, proces_activ, procese_geomorfologice_id) VALUES(7, 'Da', true, 29);
INSERT INTO creep (viteza_deplasare, daune, proces_activ, procese_geomorfologice_id) VALUES(8, 'Da', false, 30);
INSERT INTO creep (viteza_deplasare, daune, proces_activ, procese_geomorfologice_id) VALUES(13, 'Nu', true, 31);
INSERT INTO creep (viteza_deplasare, daune, proces_activ, procese_geomorfologice_id) VALUES(12, 'Da', false, 32);
INSERT INTO creep (viteza_deplasare, daune, proces_activ, procese_geomorfologice_id) VALUES(9, 'Nu', true, 33);
INSERT INTO creep (viteza_deplasare, daune, proces_activ, procese_geomorfologice_id) VALUES(14, 'Da', true, 34);
INSERT INTO creep (viteza_deplasare, daune, proces_activ, procese_geomorfologice_id) VALUES(15, 'Nu', false, 35);
INSERT INTO creep (viteza_deplasare, daune, proces_activ, procese_geomorfologice_id) VALUES(16, 'Da', false, 36);
INSERT INTO creep (viteza_deplasare, daune, proces_activ, procese_geomorfologice_id) VALUES(7, 'Nu', true, 37);
INSERT INTO creep (viteza_deplasare, daune, proces_activ, procese_geomorfologice_id) VALUES(10, 'Da', false, 38);
INSERT INTO creep (viteza_deplasare, daune, proces_activ, procese_geomorfologice_id) VALUES(15, 'Nu', true, 39);
INSERT INTO creep (viteza_deplasare, daune, proces_activ, procese_geomorfologice_id) VALUES(8, 'Da', true, 40);
INSERT INTO creep (viteza_deplasare, daune, proces_activ, procese_geomorfologice_id) VALUES(12, 'Nu', false, 41);
INSERT INTO creep (viteza_deplasare, daune, proces_activ, procese_geomorfologice_id) VALUES(9, 'Da', true, 42);
INSERT INTO creep (viteza_deplasare, daune, proces_activ, procese_geomorfologice_id) VALUES(14, 'Nu', false, 43);
INSERT INTO creep (viteza_deplasare, daune, proces_activ, procese_geomorfologice_id) VALUES(11, 'Da', true, 44);
INSERT INTO creep (viteza_deplasare, daune, proces_activ, procese_geomorfologice_id) VALUES(10, 'Nu', false, 45);
INSERT INTO creep (viteza_deplasare, daune, proces_activ, procese_geomorfologice_id) VALUES(13, 'Da', true, 46);
INSERT INTO creep (viteza_deplasare, daune, proces_activ, procese_geomorfologice_id) VALUES(8, 'Nu', false, 47);
INSERT INTO creep (viteza_deplasare, daune, proces_activ, procese_geomorfologice_id) VALUES(15, 'Da', true, 48);
INSERT INTO creep (viteza_deplasare, daune, proces_activ, procese_geomorfologice_id) VALUES(9, 'Nu', false, 49);
INSERT INTO creep (viteza_deplasare, daune, proces_activ, procese_geomorfologice_id) VALUES(16, 'Da', true, 50);






